timestamp,actual,predicted,abs_error
2012-11-01 00:00:00,60,53.53336911468466,6.46663088531534
2012-11-01 01:00:00,30,10.819098026149714,19.180901973850286
2012-11-01 02:00:00,20,3.2419856576784727,16.758014342321527
2012-11-01 03:00:00,15,0.0,15.0
2012-11-01 04:00:00,10,0.8815641491767596,9.118435850823241
2012-11-01 05:00:00,40,43.26659391301657,3.266593913016571
2012-11-01 06:00:00,148,146.30596303130534,1.694036968694661
2012-11-01 07:00:00,420,414.2594107793003,5.74058922069969
2012-11-01 08:00:00,680,714.4668877302796,34.46688773027961
2012-11-01 09:00:00,331,229.5354982105263,101.4645017894737
2012-11-01 10:00:00,146,110.77949840617173,35.220501593828274
2012-11-01 11:00:00,170,124.99857432637378,45.001425673626215
2012-11-01 12:00:00,221,202.42747695963035,18.572523040369646
2012-11-01 13:00:00,248,239.20755267401657,8.792447325983431
2012-11-01 14:00:00,185,220.29813754454307,35.29813754454307
2012-11-01 15:00:00,214,272.8502435497178,58.85024354971779
2012-11-01 16:00:00,344,352.17765663538313,8.17765663538313
2012-11-01 17:00:00,689,675.4126801069549,13.587319893045105
2012-11-01 18:00:00,678,699.4441422279024,21.444142227902375
2012-11-01 19:00:00,452,477.4019631400762,25.40196314007619
2012-11-01 20:00:00,296,299.0099622777042,3.009962277704176
2012-11-01 21:00:00,267,199.57413434168927,67.42586565831073
2012-11-01 22:00:00,202,167.47021893881924,34.529781061180756
2012-11-01 23:00:00,120,119.61452293098586,0.3854770690141436
2012-11-02 00:00:00,50,59.87706249954436,9.877062499544358
2012-11-02 01:00:00,24,25.798761194412947,1.798761194412947
2012-11-02 02:00:00,10,8.398264024613354,1.6017359753866458
2012-11-02 03:00:00,3,0.0,3.0
2012-11-02 04:00:00,7,0.0,7.0
2012-11-02 05:00:00,26,31.680307082853414,5.680307082853414
2012-11-02 06:00:00,122,126.190953665082,4.190953665082006
2012-11-02 07:00:00,357,314.1677163641852,42.832283635814804
2012-11-02 08:00:00,687,609.7134740656899,77.28652593431013
2012-11-02 09:00:00,382,310.45758465613943,71.54241534386057
2012-11-02 10:00:00,204,205.15705219834425,1.157052198344246
2012-11-02 11:00:00,221,256.79797644499735,35.797976444997346
2012-11-02 12:00:00,292,330.2213604194863,38.2213604194863
2012-11-02 13:00:00,294,322.04050038755724,28.040500387557245
2012-11-02 14:00:00,262,289.4583972185147,27.458397218514676
2012-11-02 15:00:00,306,304.84322986784207,1.1567701321579307
2012-11-02 16:00:00,421,470.56311914651303,49.56311914651303
2012-11-02 17:00:00,638,683.4227168670005,45.42271686700053
2012-11-02 18:00:00,522,547.1899726042176,25.189972604217587
2012-11-02 19:00:00,374,368.01446007345555,5.9855399265444476
2012-11-02 20:00:00,221,259.3607296337168,38.3607296337168
2012-11-02 21:00:00,156,187.35736635320492,31.357366353204924
2012-11-02 22:00:00,149,173.40723854437974,24.407238544379737
2012-11-02 23:00:00,119,127.19071330684865,8.19071330684865
2012-11-03 00:00:00,108,150.6598149209635,42.6598149209635
2012-11-03 01:00:00,89,95.1110455232387,6.111045523238701
2012-11-03 02:00:00,46,59.69652257434407,13.696522574344073
2012-11-03 03:00:00,28,24.978766094719152,3.021233905280848
2012-11-03 04:00:00,16,8.2857632414035,7.714236758596501
2012-11-03 05:00:00,9,5.838498914825395,3.1615010851746046
2012-11-03 06:00:00,21,30.15022972104499,9.15022972104499
2012-11-03 07:00:00,59,52.79814790829791,6.2018520917020865
2012-11-03 08:00:00,142,174.89410688985984,32.89410688985984
2012-11-03 09:00:00,219,294.15621169017055,75.15621169017055
2012-11-03 10:00:00,328,393.5141405756781,65.51414057567808
2012-11-03 11:00:00,340,454.9785384031093,114.97853840310933
2012-11-03 12:00:00,394,510.2756250586451,116.27562505864512
2012-11-03 13:00:00,449,546.975406731222,97.97540673122205
2012-11-03 14:00:00,455,490.43846653220527,35.43846653220527
2012-11-03 15:00:00,448,498.3786083248894,50.3786083248894
2012-11-03 16:00:00,400,479.37313993040937,79.37313993040937
2012-11-03 17:00:00,410,394.47045452585576,15.529545474144243
2012-11-03 18:00:00,297,314.37453632468936,17.37453632468936
2012-11-03 19:00:00,239,274.74646217500583,35.74646217500583
2012-11-03 20:00:00,181,201.0213799409788,20.02137994097879
2012-11-03 21:00:00,166,195.2009221842036,29.20092218420359
2012-11-03 22:00:00,146,155.60268582359623,9.602685823596232
2012-11-03 23:00:00,148,131.88901396712947,16.110986032870528
2012-11-04 00:00:00,102,117.76035738423668,15.760357384236684
2012-11-04 01:00:00,165,90.47271381010381,74.52728618989619
2012-11-04 02:00:00,37,70.91691689618632,33.91691689618632
2012-11-04 03:00:00,11,31.847402037572387,20.847402037572387
2012-11-04 04:00:00,9,3.15231577281827,5.84768422718173
2012-11-04 05:00:00,5,5.243313334586409,0.2433133345864089
2012-11-04 06:00:00,16,16.565655997426425,0.5656559974264255
2012-11-04 07:00:00,50,46.18088125377315,3.8191187462268488
2012-11-04 08:00:00,149,118.44808520257149,30.55191479742851
2012-11-04 09:00:00,217,215.56939865276402,1.430601347235978
2012-11-04 10:00:00,360,347.59469632911396,12.405303670886042
2012-11-04 11:00:00,445,427.70851664821464,17.29148335178536
2012-11-04 12:00:00,504,529.0454481488985,25.04544814889846
2012-11-04 13:00:00,493,488.22862863863406,4.7713713613659365
2012-11-04 14:00:00,509,463.28314581285343,45.716854187146566
2012-11-04 15:00:00,449,451.8036270888551,2.8036270888550803
2012-11-04 16:00:00,435,466.5041474608627,31.504147460862725
2012-11-04 17:00:00,327,400.39350727439216,73.39350727439216
2012-11-04 18:00:00,237,304.8687190856199,67.86871908561989
2012-11-04 19:00:00,227,208.31600951979334,18.68399048020666
2012-11-04 20:00:00,141,163.44397935616246,22.44397935616246
2012-11-04 21:00:00,87,114.70956182117898,27.70956182117898
2012-11-04 22:00:00,79,80.85440421761092,1.8544042176109201
2012-11-04 23:00:00,53,52.183937603598686,0.8160623964013141
2012-11-05 00:00:00,23,37.92269178880463,14.922691788804627
2012-11-05 01:00:00,8,10.561094463414923,2.561094463414923
2012-11-05 02:00:00,6,2.001367204347363,3.998632795652637
2012-11-05 03:00:00,4,0.0,4.0
2012-11-05 04:00:00,16,0.0,16.0
2012-11-05 05:00:00,39,24.36722080423998,14.632779195760019
2012-11-05 06:00:00,139,104.49522328887176,34.504776711128244
2012-11-05 07:00:00,461,404.96176278893216,56.03823721106784
2012-11-05 08:00:00,648,666.3288294583358,18.328829458335804
2012-11-05 09:00:00,257,314.4851987466751,57.48519874667511
2012-11-05 10:00:00,142,182.64601482322396,40.646014823223965
2012-11-05 11:00:00,150,213.7564762050482,63.75647620504819
2012-11-05 12:00:00,244,320.3948052686791,76.39480526867908
2012-11-05 13:00:00,222,315.8020424132378,93.80204241323781
2012-11-05 14:00:00,196,290.8024049430042,94.8024049430042
2012-11-05 15:00:00,231,299.53279095254356,68.53279095254356
2012-11-05 16:00:00,360,391.7628705961383,31.762870596138328
2012-11-05 17:00:00,638,770.4237984478222,132.42379844782215
2012-11-05 18:00:00,542,704.4464664889124,162.4464664889124
2012-11-05 19:00:00,372,429.3110088390906,57.31100883909062
2012-11-05 20:00:00,241,255.1051381237775,14.105138123777493
2012-11-05 21:00:00,152,160.33116474526898,8.331164745268978
2012-11-05 22:00:00,115,119.05755567246682,4.057555672466819
2012-11-05 23:00:00,53,68.44827913076679,15.448279130766792
2012-11-06 00:00:00,19,25.39500156918659,6.39500156918659
2012-11-06 01:00:00,8,5.499116203058607,2.500883796941393
2012-11-06 02:00:00,2,0.9633714478394283,1.0366285521605718
2012-11-06 03:00:00,4,0.0,4.0
2012-11-06 04:00:00,7,0.08485100860561778,6.915148991394382
2012-11-06 05:00:00,41,36.205515396317224,4.7944846036827755
2012-11-06 06:00:00,149,142.82526333882322,6.17473666117678
2012-11-06 07:00:00,387,444.7142704787111,57.714270478711114
2012-11-06 08:00:00,588,686.7418630482598,98.7418630482598
2012-11-06 09:00:00,363,306.51287019443197,56.48712980556803
2012-11-06 10:00:00,230,146.2189654494742,83.78103455052579
2012-11-06 11:00:00,216,182.46457607407245,33.535423925927546
2012-11-06 12:00:00,248,239.14705131200807,8.852948687991926
2012-11-06 13:00:00,278,215.36648252925636,62.63351747074364
2012-11-06 14:00:00,240,213.06760042083053,26.93239957916947
2012-11-06 15:00:00,272,230.86257206048185,41.13742793951815
2012-11-06 16:00:00,402,334.5689079120539,67.43109208794613
2012-11-06 17:00:00,627,735.9466034098539,108.94660340985388
2012-11-06 18:00:00,497,660.359679633074,163.35967963307405
2012-11-06 19:00:00,371,400.7057761250468,29.705776125046782
2012-11-06 20:00:00,228,265.87355795219685,37.87355795219685
2012-11-06 21:00:00,151,162.3990621869683,11.399062186968308
2012-11-06 22:00:00,153,120.33640241306276,32.66359758693724
2012-11-06 23:00:00,205,74.22579684319717,130.77420315680283
2012-11-07 00:00:00,283,23.906400926540233,259.09359907345976
2012-11-07 01:00:00,92,3.787435064425852,88.21256493557415
2012-11-07 02:00:00,74,0.8663531818039968,73.133646818196
2012-11-07 03:00:00,11,0.0,11.0
2012-11-07 04:00:00,9,0.4645876778515471,8.535412322148453
2012-11-07 05:00:00,27,35.00692351379301,8.006923513793012
2012-11-07 06:00:00,118,141.97831251955424,23.978312519554237
2012-11-07 07:00:00,319,437.8650057351279,118.86500573512791
2012-11-07 08:00:00,601,773.3692497873872,172.36924978738716
2012-11-07 09:00:00,368,328.23621954485554,39.763780455144456
2012-11-07 10:00:00,178,151.76837085696957,26.231629143030432
2012-11-07 11:00:00,147,184.10601261431592,37.106012614315915
2012-11-07 12:00:00,212,259.4614813238695,47.46148132386952
2012-11-07 13:00:00,181,218.32882934403355,37.32882934403355
2012-11-07 14:00:00,161,193.6509908074907,32.6509908074907
2012-11-07 15:00:00,198,211.53589420269412,13.535894202694124
2012-11-07 16:00:00,273,341.4928186692511,68.49281866925111
2012-11-07 17:00:00,517,774.0194639281215,257.01946392812147
2012-11-07 18:00:00,465,739.6102860849429,274.6102860849429
2012-11-07 19:00:00,319,430.6943852397719,111.69438523977192
2012-11-07 20:00:00,256,270.6739033899398,14.673903389939824
2012-11-07 21:00:00,126,198.3276459588214,72.32764595882139
2012-11-07 22:00:00,60,98.89471218390341,38.89471218390341
2012-11-07 23:00:00,40,75.3941117294998,35.3941117294998
2012-11-08 00:00:00,15,41.53332946351217,26.533329463512167
2012-11-08 01:00:00,12,12.097655665383407,0.09765566538340664
2012-11-08 02:00:00,6,5.603738230734033,0.39626176926596735
2012-11-08 04:00:00,10,0.0,10.0
2012-11-08 05:00:00,35,42.42584474761455,7.425844747614548
2012-11-08 06:00:00,124,145.35019323598462,21.35019323598462
2012-11-08 07:00:00,423,480.90662043233266,57.90662043233266
2012-11-08 08:00:00,668,753.2610067836713,85.26100678367129
2012-11-08 09:00:00,275,323.8018869781535,48.801886978153505
2012-11-08 10:00:00,161,174.79290787647673,13.792907876476733
2012-11-08 11:00:00,171,216.64521368195548,45.64521368195548
2012-11-08 12:00:00,235,261.4901121656361,26.490112165636106
2012-11-08 13:00:00,228,271.2696090320156,43.26960903201558
2012-11-08 14:00:00,182,253.9677334200637,71.9677334200637
2012-11-08 15:00:00,233,304.1951298910182,71.19512989101821
2012-11-08 16:00:00,339,404.1087962817814,65.1087962817814
2012-11-08 17:00:00,592,753.0488735079201,161.04887350792012
2012-11-08 18:00:00,507,738.9069851568353,231.90698515683528
2012-11-08 19:00:00,373,538.4175799554758,165.41757995547584
2012-11-08 20:00:00,245,324.6836623509124,79.68366235091241
2012-11-08 21:00:00,233,197.71036765900544,35.28963234099456
2012-11-08 22:00:00,161,157.8610141576435,3.1389858423565045
2012-11-08 23:00:00,87,107.82096091599011,20.820960915990113
2012-11-09 00:00:00,55,52.352924420767216,2.6470755792327836
2012-11-09 01:00:00,20,24.288657163953477,4.288657163953477
2012-11-09 02:00:00,12,6.88815999415389,5.11184000584611
2012-11-09 04:00:00,14,0.0,14.0
2012-11-09 05:00:00,27,27.06802836528792,0.068028365287919
2012-11-09 06:00:00,131,118.19536900212054,12.804630997879457
2012-11-09 07:00:00,341,323.67714889762044,17.32285110237956
2012-11-09 08:00:00,693,608.9025059069029,84.09749409309711
2012-11-09 09:00:00,327,307.83730612692375,19.16269387307625
2012-11-09 10:00:00,197,195.7832315636138,1.2167684363861895
2012-11-09 11:00:00,251,234.9871334236824,16.012866576317606
2012-11-09 12:00:00,262,361.1683034019521,99.16830340195207
2012-11-09 13:00:00,299,379.0673242085689,80.06732420856889
2012-11-09 14:00:00,274,358.57610982359563,84.57610982359563
2012-11-09 15:00:00,356,410.86020138132903,54.860201381329034
2012-11-09 16:00:00,434,508.9998541048817,74.9998541048817
2012-11-09 17:00:00,654,675.0251314080133,21.025131408013294
2012-11-09 18:00:00,496,557.7178039474572,61.71780394745724
2012-11-09 19:00:00,361,332.12137387089143,28.878626129108568
2012-11-09 20:00:00,255,241.13924607364265,13.860753926357347
2012-11-09 21:00:00,199,179.82476827237738,19.175231727622617
2012-11-09 22:00:00,163,156.79100524001586,6.208994759984137
2012-11-09 23:00:00,162,112.05726443540563,49.94273556459437
2012-11-10 00:00:00,122,140.16204932868658,18.162049328686578
2012-11-10 01:00:00,76,97.74669631758783,21.746696317587833
2012-11-10 02:00:00,44,66.16367432844159,22.163674328441587
2012-11-10 03:00:00,20,29.088507442448854,9.088507442448854
2012-11-10 04:00:00,6,9.081810993487485,3.081810993487485
2012-11-10 05:00:00,10,8.666768083857914,1.3332319161420862
2012-11-10 06:00:00,16,31.93855141311032,15.938551413110321
2012-11-10 07:00:00,71,56.883083599330085,14.116916400669915
2012-11-10 08:00:00,146,163.1316360312893,17.131636031289304
2012-11-10 09:00:00,259,288.64096836457674,29.640968364576736
2012-11-10 10:00:00,350,372.5472565805706,22.547256580570604
2012-11-10 11:00:00,466,471.80639915298775,5.806399152987751
2012-11-10 12:00:00,606,615.4855979417218,9.485597941721835
2012-11-10 13:00:00,651,653.9942314834257,2.994231483425665
2012-11-10 14:00:00,627,672.2261437528342,45.22614375283422
2012-11-10 15:00:00,567,654.3307131666616,87.33071316666155
2012-11-10 16:00:00,605,668.3873860875145,63.38738608751453
2012-11-10 17:00:00,501,593.1484931859266,92.14849318592655
2012-11-10 18:00:00,359,440.35212991296015,81.35212991296015
2012-11-10 19:00:00,283,362.36243040410034,79.36243040410034
2012-11-10 20:00:00,192,270.5774809863592,78.5774809863592
2012-11-10 21:00:00,220,216.06253268905732,3.9374673109426794
2012-11-10 22:00:00,193,178.1517602923488,14.848239707651203
2012-11-10 23:00:00,146,142.44529080736865,3.55470919263135
2012-11-11 00:00:00,124,112.88656583064854,11.113434169351464
2012-11-11 01:00:00,108,107.57432387523222,0.42567612476777583
2012-11-11 02:00:00,70,69.88780465820327,0.11219534179673474
2012-11-11 03:00:00,48,38.763511232775514,9.236488767224486
2012-11-11 04:00:00,11,6.324579368903905,4.675420631096095
2012-11-11 05:00:00,12,3.5720904614431146,8.427909538556886
2012-11-11 06:00:00,19,18.30757262119107,0.6924273788089295
2012-11-11 07:00:00,68,48.111785792244305,19.888214207755695
2012-11-11 08:00:00,119,116.03865774753845,2.9613422524615487
2012-11-11 09:00:00,273,226.23607322375278,46.76392677624722
2012-11-11 10:00:00,405,341.8645954285006,63.13540457149941
2012-11-11 11:00:00,504,423.4501982574644,80.54980174253558
2012-11-11 12:00:00,585,550.1050545400335,34.89494545996649
2012-11-11 13:00:00,686,604.4799391900102,81.52006080998979
2012-11-11 14:00:00,654,598.4966023416806,55.503397658319386
2012-11-11 15:00:00,724,575.2082353879712,148.79176461202883
2012-11-11 16:00:00,653,579.8349880326829,73.16501196731713
2012-11-11 17:00:00,493,474.5065364359073,18.49346356409268
2012-11-11 18:00:00,405,366.13560004579386,38.864399954206135
2012-11-11 19:00:00,277,250.33142681547432,26.668573184525684
2012-11-11 20:00:00,200,189.89955267447039,10.100447325529615
2012-11-11 21:00:00,171,152.03135333489226,18.96864666510774
2012-11-11 22:00:00,134,94.53258981388959,39.46741018611041
2012-11-11 23:00:00,109,66.19294265044367,42.80705734955633
2012-11-12 00:00:00,49,70.7393464100321,21.7393464100321
2012-11-12 01:00:00,30,42.515430117694414,12.515430117694414
2012-11-12 02:00:00,20,28.646591306677976,8.646591306677976
2012-11-12 03:00:00,4,24.201592446882984,20.201592446882984
2012-11-12 04:00:00,4,13.70168704193933,9.70168704193933
2012-11-12 05:00:00,24,26.297729046715588,2.297729046715588
2012-11-12 06:00:00,71,117.7738190216835,46.773819021683494
2012-11-12 07:00:00,264,160.79745896887508,103.20254103112492
2012-11-12 08:00:00,540,357.39794120450404,182.60205879549596
2012-11-12 09:00:00,397,221.12361000271792,175.87638999728208
2012-11-12 10:00:00,266,307.050942132206,41.05094213220599
2012-11-12 11:00:00,367,354.48288063343824,12.517119366561758
2012-11-12 12:00:00,419,398.0391593443706,20.960840655629397
2012-11-12 13:00:00,420,347.1623598661417,72.83764013385832
2012-11-12 14:00:00,444,343.89026550906124,100.10973449093876
2012-11-12 15:00:00,382,349.53052166526857,32.469478334731434
2012-11-12 16:00:00,434,450.8255853826506,16.825585382650615
2012-11-12 17:00:00,596,565.1944540458982,30.80554595410183
2012-11-12 18:00:00,551,413.74093888989745,137.25906111010255
2012-11-12 19:00:00,353,360.7216931259431,7.721693125943091
2012-11-12 20:00:00,304,276.33022032052406,27.669779679475937
2012-11-12 21:00:00,155,183.99922732241936,28.999227322419358
2012-11-12 22:00:00,112,170.49332585731133,58.49332585731133
2012-11-12 23:00:00,63,95.9958017330671,32.9958017330671
2012-11-13 00:00:00,23,32.0328973688475,9.0328973688475
2012-11-13 01:00:00,5,0.0,5.0
2012-11-13 02:00:00,11,0.9557922286724146,10.044207771327585
2012-11-13 03:00:00,5,0.06018819719289202,4.939811802807108
2012-11-13 04:00:00,9,3.4345399330535913,5.565460066946409
2012-11-13 05:00:00,18,38.64117711917298,20.64117711917298
2012-11-13 06:00:00,50,79.1914812777284,29.1914812777284
2012-11-13 07:00:00,107,270.838012982764,163.83801298276398
2012-11-13 08:00:00,211,474.11336773791373,263.11336773791373
2012-11-13 09:00:00,110,221.71967889071422,111.71967889071422
2012-11-13 10:00:00,94,75.09180844137413,18.908191558625873
2012-11-13 11:00:00,155,187.227672736342,32.22767273634199
2012-11-13 12:00:00,196,241.91395560640905,45.91395560640905
2012-11-13 13:00:00,218,220.57670454307566,2.576704543075664
2012-11-13 14:00:00,203,213.07033849137127,10.070338491371274
2012-11-13 15:00:00,217,227.57958047404088,10.579580474040881
2012-11-13 16:00:00,310,357.55547137254706,47.55547137254706
2012-11-13 17:00:00,608,672.8364530674245,64.83645306742449
2012-11-13 18:00:00,559,625.2214787059538,66.22147870595381
2012-11-13 19:00:00,356,359.9691289888646,3.969128988864611
2012-11-13 20:00:00,223,247.24757363192055,24.247573631920545
2012-11-13 21:00:00,187,159.85590620973377,27.144093790266226
2012-11-13 22:00:00,135,117.94257513893643,17.057424861063566
2012-11-13 23:00:00,84,81.40720849379986,2.592791506200143
2012-11-14 00:00:00,24,51.00942282062187,27.00942282062187
2012-11-14 01:00:00,12,14.410958701746077,2.410958701746077
2012-11-14 02:00:00,1,4.3793910398633695,3.3793910398633695
2012-11-14 03:00:00,5,0.0,5.0
2012-11-14 04:00:00,6,0.0,6.0
2012-11-14 05:00:00,39,33.9525210705295,5.0474789294705005
2012-11-14 06:00:00,146,136.1523292653711,9.847670734628906
2012-11-14 07:00:00,415,455.4565119504444,40.456511950444394
2012-11-14 08:00:00,691,761.629134719441,70.62913471944103
2012-11-14 09:00:00,332,319.5050059882565,12.494994011743472
2012-11-14 10:00:00,171,154.5758904508807,16.424109549119294
2012-11-14 11:00:00,151,185.4841822431233,34.484182243123314
2012-11-14 12:00:00,240,273.94695877489755,33.94695877489755
2012-11-14 13:00:00,214,223.1236021168407,9.123602116840686
2012-11-14 14:00:00,181,222.23737284617977,41.23737284617977
2012-11-14 15:00:00,260,238.4947466383648,21.505253361635198
2012-11-14 16:00:00,321,372.2421995080685,51.242199508068495
2012-11-14 17:00:00,583,801.3742936804147,218.37429368041467
2012-11-14 18:00:00,567,759.994990846429,192.994990846429
2012-11-14 19:00:00,396,453.69604458386715,57.69604458386715
2012-11-14 20:00:00,267,287.4369914796494,20.436991479649407
2012-11-14 21:00:00,213,189.35032642514918,23.649673574850823
2012-11-14 22:00:00,173,156.33167707062384,16.66832292937616
2012-11-14 23:00:00,87,89.89412001126759,2.8941200112675887
2012-11-15 00:00:00,34,44.63803033085401,10.638030330854008
2012-11-15 01:00:00,16,8.66377864943697,7.336221350563029
2012-11-15 02:00:00,7,4.106041248741466,2.893958751258534
2012-11-15 03:00:00,2,0.0,2.0
2012-11-15 04:00:00,5,0.0,5.0
2012-11-15 05:00:00,37,37.09039093047375,0.09039093047375246
2012-11-15 06:00:00,147,131.90995345297134,15.090046547028663
2012-11-15 07:00:00,410,399.509028611332,10.490971388668015
2012-11-15 08:00:00,646,742.848301641596,96.84830164159598
2012-11-15 09:00:00,323,317.5272796196379,5.472720380362091
2012-11-15 10:00:00,153,162.16033116318553,9.160331163185532
2012-11-15 11:00:00,166,197.15661763973506,31.15661763973506
2012-11-15 12:00:00,213,240.44200057838856,27.44200057838856
2012-11-15 13:00:00,217,241.07054162274332,24.07054162274332
2012-11-15 14:00:00,201,223.4685089272621,22.468508927262093
2012-11-15 15:00:00,217,255.48901454720485,38.489014547204846
2012-11-15 16:00:00,342,348.9512684464882,6.9512684464882
2012-11-15 17:00:00,563,731.6619820367592,168.66198203675924
2012-11-15 18:00:00,573,696.0347745941832,123.0347745941832
2012-11-15 19:00:00,386,399.96634924864077,13.966349248640768
2012-11-15 20:00:00,285,280.58981321726367,4.410186782736332
2012-11-15 21:00:00,224,186.02348455744527,37.97651544255473
2012-11-15 22:00:00,153,147.9586483499052,5.041351650094811
2012-11-15 23:00:00,125,92.49172468528805,32.50827531471195
2012-11-16 00:00:00,65,50.90366901826885,14.09633098173115
2012-11-16 01:00:00,21,19.3203746699353,1.6796253300646988
2012-11-16 02:00:00,9,1.776777053594393,7.223222946405607
2012-11-16 03:00:00,6,0.0,6.0
2012-11-16 04:00:00,5,0.0,5.0
2012-11-16 05:00:00,36,25.84589480425776,10.15410519574224
2012-11-16 06:00:00,130,123.25180577450493,6.7481942254950695
2012-11-16 07:00:00,367,319.8556155594828,47.14438444051717
2012-11-16 08:00:00,711,606.5971860916388,104.40281390836117
2012-11-16 09:00:00,351,306.31414396632476,44.685856033675236
2012-11-16 10:00:00,198,188.11666593549796,9.883334064502037
2012-11-16 11:00:00,218,236.40190526975908,18.401905269759084
2012-11-16 12:00:00,290,303.7633299262663,13.763329926266294
2012-11-16 13:00:00,278,325.9569225161274,47.956922516127406
2012-11-16 14:00:00,251,306.11632074704846,55.11632074704846
2012-11-16 15:00:00,267,358.61378552860833,91.61378552860833
2012-11-16 16:00:00,383,465.6816148485851,82.68161484858513
2012-11-16 17:00:00,580,663.8434228856739,83.84342288567393
2012-11-16 18:00:00,505,501.4960809087868,3.50391909121322
2012-11-16 19:00:00,332,343.3394837374533,11.339483737453293
2012-11-16 20:00:00,227,206.93197679863746,20.068023201362536
2012-11-16 21:00:00,178,175.8559035365936,2.144096463406413
2012-11-16 22:00:00,162,150.18340845486148,11.816591545138522
2012-11-16 23:00:00,128,122.16370601120153,5.836293988798474
2012-11-17 00:00:00,106,137.515791188073,31.515791188072996
2012-11-17 01:00:00,87,88.1033627880933,1.1033627880933068
2012-11-17 02:00:00,49,55.46127760053081,6.4612776005308135
2012-11-17 03:00:00,21,22.61065034973327,1.6106503497332696
2012-11-17 04:00:00,7,4.567305250346406,2.432694749653594
2012-11-17 05:00:00,11,4.971420083921166,6.028579916078834
2012-11-17 06:00:00,21,26.351922361075538,5.3519223610755375
2012-11-17 07:00:00,78,56.987732797785704,21.012267202214296
2012-11-17 08:00:00,168,152.1215002239927,15.878499776007288
2012-11-17 09:00:00,248,279.423547812531,31.423547812531012
2012-11-17 10:00:00,320,378.6198364582734,58.619836458273426
2012-11-17 11:00:00,423,472.751169909744,49.75116990974402
2012-11-17 12:00:00,476,567.8938884062965,91.89388840629647
2012-11-17 13:00:00,525,573.366376622625,48.36637662262501
2012-11-17 14:00:00,555,559.495893002854,4.495893002854018
2012-11-17 15:00:00,549,569.7867041247305,20.786704124730477
2012-11-17 16:00:00,469,539.9798452201275,70.97984522012746
2012-11-17 17:00:00,403,479.0164601468661,76.01646014686611
2012-11-17 18:00:00,271,355.81764760144097,84.81764760144097
2012-11-17 19:00:00,253,261.9325790942672,8.932579094267226
2012-11-17 20:00:00,172,182.72149880258542,10.721498802585415
2012-11-17 21:00:00,139,162.39245326507725,23.39245326507725
2012-11-17 22:00:00,145,132.60705250900193,12.392947490998068
2012-11-17 23:00:00,133,119.636397134535,13.363602865464998
2012-11-18 00:00:00,129,105.69220810190751,23.30779189809249
2012-11-18 01:00:00,95,101.60729709062498,6.607297090624982
2012-11-18 02:00:00,73,63.89834819720144,9.101651802798557
2012-11-18 03:00:00,46,32.34032831735709,13.659671682642909
2012-11-18 04:00:00,12,0.0,12.0
2012-11-18 05:00:00,12,0.0,12.0
2012-11-18 06:00:00,15,12.39238165154123,2.60761834845877
2012-11-18 07:00:00,42,46.681138471546475,4.681138471546475
2012-11-18 08:00:00,119,116.18744762193924,2.812552378060758
2012-11-18 09:00:00,204,224.88980815559387,20.88980815559387
2012-11-18 10:00:00,329,327.1953282733625,1.8046717266374799
2012-11-18 11:00:00,359,390.9446446112196,31.944644611219587
2012-11-18 12:00:00,442,469.9109273094723,27.9109273094723
2012-11-18 13:00:00,447,436.0058151117707,10.994184888229313
2012-11-18 14:00:00,428,425.0121158934663,2.987884106533727
2012-11-18 15:00:00,407,432.5984838090414,25.598483809041397
2012-11-18 16:00:00,372,370.62642982013136,1.3735701798686364
2012-11-18 17:00:00,280,351.95670188511036,71.95670188511036
2012-11-18 18:00:00,276,274.9695145205732,1.0304854794267726
2012-11-18 19:00:00,210,192.17754584444785,17.82245415555215
2012-11-18 20:00:00,129,126.23270576472683,2.7672942352731695
2012-11-18 21:00:00,110,108.39416308693058,1.6058369130694246
2012-11-18 22:00:00,74,76.50865276869057,2.508652768690567
2012-11-18 23:00:00,59,57.317891503401896,1.6821084965981044
2012-11-19 00:00:00,27,32.31614355948851,5.316143559488509
2012-11-19 01:00:00,19,13.146414522393234,5.8535854776067655
2012-11-19 02:00:00,5,1.4607990106504576,3.5392009893495424
2012-11-19 03:00:00,2,0.0,2.0
2012-11-19 04:00:00,12,0.0,12.0
2012-11-19 05:00:00,39,30.379224404803587,8.620775595196413
2012-11-19 06:00:00,131,114.58415217654085,16.415847823459146
2012-11-19 07:00:00,386,399.45992472641404,13.459924726414044
2012-11-19 08:00:00,663,676.2190379460263,13.219037946026333
2012-11-19 09:00:00,278,324.6536720504998,46.65367205049978
2012-11-19 10:00:00,139,172.56629306336274,33.566293063362735
2012-11-19 11:00:00,197,217.30632614462075,20.306326144620755
2012-11-19 12:00:00,242,299.57879158482797,57.57879158482797
2012-11-19 13:00:00,251,322.60711474273916,71.60711474273916
2012-11-19 14:00:00,217,273.7254812794002,56.725481279400185
2012-11-19 15:00:00,257,314.9634283116152,57.96342831161519
2012-11-19 16:00:00,380,396.92550528014607,16.92550528014607
2012-11-19 17:00:00,619,747.6379982068382,128.63799820683823
2012-11-19 18:00:00,580,615.0636913005842,35.063691300584196
2012-11-19 19:00:00,406,398.7777228152538,7.22227718474619
2012-11-19 20:00:00,259,244.4918991441097,14.50810085589029
2012-11-19 21:00:00,203,175.92691589745635,27.073084102543646
2012-11-19 22:00:00,113,113.26776163773735,0.26776163773735107
2012-11-19 23:00:00,74,68.38526079348219,5.614739206517811
2012-11-20 00:00:00,29,28.248303274410997,0.751696725589003
2012-11-20 01:00:00,13,5.587046448952902,7.412953551047098
2012-11-20 02:00:00,5,2.8579507573009875,2.1420492426990125
2012-11-20 03:00:00,2,0.1853423238005999,1.8146576761994
2012-11-20 04:00:00,6,1.1062176971512667,4.8937823028487335
2012-11-20 05:00:00,34,31.445751686442076,2.554248313557924
2012-11-20 06:00:00,148,132.99589448026848,15.004105519731525
2012-11-20 07:00:00,418,394.2530666904559,23.74693330954409
2012-11-20 08:00:00,665,682.4999128834421,17.499912883442107
2012-11-20 09:00:00,326,276.068024478017,49.93197552198302
2012-11-20 10:00:00,176,149.2532701980631,26.746729801936908
2012-11-20 11:00:00,205,175.81871234291364,29.181287657086358
2012-11-20 12:00:00,313,216.06061734990783,96.93938265009217
2012-11-20 13:00:00,267,234.26954857005634,32.730451429943656
2012-11-20 14:00:00,224,210.73850147615616,13.26149852384384
2012-11-20 15:00:00,287,256.9333159353578,30.066684064642175
2012-11-20 16:00:00,395,347.0143847333936,47.98561526660637
2012-11-20 17:00:00,590,646.9206036768811,56.920603676881115
2012-11-20 18:00:00,550,644.3706097947037,94.37060979470368
2012-11-20 19:00:00,384,355.68203629539084,28.317963704609156
2012-11-20 20:00:00,235,211.0915721158678,23.90842788413221
2012-11-20 21:00:00,157,170.36434240575804,13.364342405758038
2012-11-20 22:00:00,122,129.0027017869326,7.00270178693259
2012-11-20 23:00:00,83,85.80583573689722,2.8058357368972224
2012-11-21 00:00:00,26,55.493886291520425,29.493886291520425
2012-11-21 01:00:00,14,18.2207671344835,4.2207671344834985
2012-11-21 02:00:00,8,6.092324997754377,1.9076750022456226
2012-11-21 03:00:00,2,0.0,2.0
2012-11-21 04:00:00,10,0.0,10.0
2012-11-21 05:00:00,29,28.572961841774173,0.4270381582258267
2012-11-21 06:00:00,101,129.7907286205924,28.790728620592404
2012-11-21 07:00:00,273,409.4691817307773,136.46918173077728
2012-11-21 08:00:00,551,664.2493235473196,113.24932354731959
2012-11-21 09:00:00,365,321.94240691876615,43.05759308123385
2012-11-21 10:00:00,172,169.8180052900783,2.181994709921696
2012-11-21 11:00:00,241,202.21214196750387,38.78785803249613
2012-11-21 12:00:00,344,295.82117987529165,48.17882012470835
2012-11-21 13:00:00,365,262.32334563242193,102.67665436757807
2012-11-21 14:00:00,413,253.33744985617176,159.66255014382824
2012-11-21 15:00:00,449,277.3347418787296,171.66525812127043
2012-11-21 16:00:00,469,439.39474558010045,29.605254419899552
2012-11-21 17:00:00,374,795.0451939450047,421.0451939450047
2012-11-21 18:00:00,311,753.2193754655809,442.2193754655809
2012-11-21 19:00:00,243,453.063379583023,210.063379583023
2012-11-21 20:00:00,136,276.04533588834914,140.04533588834914
2012-11-21 21:00:00,105,184.95400410091963,79.95400410091963
2012-11-21 22:00:00,88,144.69161160254131,56.691611602541315
2012-11-21 23:00:00,57,88.21849381189702,31.21849381189702
2012-11-22 00:00:00,46,58.41111695809164,12.41111695809164
2012-11-22 01:00:00,42,21.660936497842613,20.339063502157387
2012-11-22 02:00:00,18,13.722669214798678,4.277330785201322
2012-11-22 03:00:00,6,8.029936480182359,2.029936480182359
2012-11-22 04:00:00,3,5.551992895481046,2.551992895481046
2012-11-22 05:00:00,8,34.718896566799074,26.718896566799074
2012-11-22 06:00:00,17,125.84507802518951,108.84507802518951
2012-11-22 07:00:00,56,190.4033016422863,134.4033016422863
2012-11-22 08:00:00,97,387.1656696127823,290.1656696127823
2012-11-22 09:00:00,119,255.37550312192423,136.37550312192423
2012-11-22 10:00:00,219,215.17756238209245,3.8224376179075534
2012-11-22 11:00:00,232,284.3673529149122,52.3673529149122
2012-11-22 12:00:00,262,314.2103960682767,52.21039606827668
2012-11-22 13:00:00,269,307.51477077253367,38.514770772533666
2012-11-22 14:00:00,220,334.0968860853382,114.09688608533821
2012-11-22 15:00:00,228,331.51415993070685,103.51415993070685
2012-11-22 16:00:00,182,392.5283130067286,210.52831300672858
2012-11-22 17:00:00,109,511.07296106561495,402.07296106561495
2012-11-22 18:00:00,70,460.15533930387403,390.15533930387403
2012-11-22 19:00:00,44,277.51068947529126,233.51068947529126
2012-11-22 20:00:00,52,116.86859482381685,64.86859482381685
2012-11-22 21:00:00,46,99.20992388266043,53.20992388266043
2012-11-22 22:00:00,44,80.40376034437237,36.40376034437237
2012-11-22 23:00:00,36,66.14325325938749,30.143253259387492
2012-11-23 00:00:00,32,46.519568838458184,14.519568838458184
2012-11-23 01:00:00,13,12.441242412331892,0.5587575876681079
2012-11-23 02:00:00,5,0.0,5.0
2012-11-23 03:00:00,1,0.0,1.0
2012-11-23 04:00:00,4,0.0,4.0
2012-11-23 05:00:00,10,22.117120204598102,12.117120204598102
2012-11-23 06:00:00,20,91.15760684085755,71.15760684085755
2012-11-23 07:00:00,77,180.70536890633818,103.70536890633818
2012-11-23 08:00:00,94,494.69757257011406,400.69757257011406
2012-11-23 09:00:00,112,202.09245960509529,90.09245960509529
2012-11-23 10:00:00,201,162.07581677238363,38.92418322761637
2012-11-23 11:00:00,251,153.0425734540367,97.9574265459633
2012-11-23 12:00:00,379,257.9296374176216,121.07036258237838
2012-11-23 13:00:00,424,274.64628139697254,149.35371860302746
2012-11-23 14:00:00,435,264.2695318184164,170.7304681815836
2012-11-23 15:00:00,447,291.80534356382077,155.19465643617923
2012-11-23 16:00:00,357,429.11219482254563,72.11219482254563
2012-11-23 17:00:00,300,580.1817636655676,280.1817636655676
2012-11-23 18:00:00,208,395.5793747558948,187.57937475589478
2012-11-23 19:00:00,154,291.40633828545026,137.40633828545026
2012-11-23 20:00:00,142,264.43334998599806,122.43334998599806
2012-11-23 21:00:00,98,190.82938338020512,92.82938338020512
2012-11-23 22:00:00,79,160.42925634375456,81.42925634375456
2012-11-23 23:00:00,67,117.08550925962314,50.08550925962314
2012-11-24 00:00:00,42,128.53395663467376,86.53395663467376
2012-11-24 01:00:00,20,91.28787663481422,71.28787663481422
2012-11-24 02:00:00,32,43.97298499653002,11.972984996530023
2012-11-24 03:00:00,11,18.586246558874432,7.586246558874432
2012-11-24 04:00:00,3,3.061284307760776,0.06128430776077609
2012-11-24 05:00:00,3,7.727411853112885,4.727411853112885
2012-11-24 06:00:00,10,22.540079512521906,12.540079512521906
2012-11-24 07:00:00,25,57.84540924220637,32.84540924220637
2012-11-24 08:00:00,62,119.22921904270476,57.229219042704756
2012-11-24 09:00:00,122,213.43751954998518,91.43751954998518
2012-11-24 10:00:00,142,291.73653707766147,149.73653707766147
2012-11-24 11:00:00,186,351.03459456478856,165.03459456478856
2012-11-24 12:00:00,199,403.8393055957484,204.83930559574839
2012-11-24 13:00:00,225,542.8724386423379,317.8724386423379
2012-11-24 14:00:00,207,533.6989725508668,326.69897255086676
2012-11-24 15:00:00,198,513.9515979458503,315.95159794585027
2012-11-24 16:00:00,170,465.6257249523459,295.6257249523459
2012-11-24 17:00:00,126,409.86134166170433,283.86134166170433
2012-11-24 18:00:00,145,244.31382755625745,99.31382755625745
2012-11-24 19:00:00,83,151.8846684636636,68.88466846366359
2012-11-24 20:00:00,58,116.58079580017137,58.58079580017137
2012-11-24 21:00:00,75,110.01595163742556,35.01595163742556
2012-11-24 22:00:00,76,87.97850075827476,11.978500758274762
2012-11-24 23:00:00,57,89.17826969465261,32.17826969465261
2012-11-25 00:00:00,34,82.62980616955439,48.629806169554385
2012-11-25 01:00:00,36,81.43982357628984,45.43982357628984
2012-11-25 02:00:00,28,57.122689334759976,29.122689334759976
2012-11-25 03:00:00,8,23.07696693111059,15.07696693111059
2012-11-25 04:00:00,2,0.0,2.0
2012-11-25 05:00:00,3,0.0,3.0
2012-11-25 06:00:00,11,2.965194819068852,8.034805180931148
2012-11-25 07:00:00,21,27.086542296606197,6.086542296606197
2012-11-25 08:00:00,34,94.09203797035012,60.09203797035012
2012-11-25 09:00:00,96,118.31840136490605,22.31840136490605
2012-11-25 10:00:00,139,159.79219015726298,20.79219015726298
2012-11-25 11:00:00,204,243.63103375393442,39.63103375393442
2012-11-25 12:00:00,202,371.52950413131794,169.52950413131794
2012-11-25 13:00:00,195,347.7033348901585,152.7033348901585
2012-11-25 14:00:00,203,345.7734676004621,142.77346760046208
2012-11-25 15:00:00,245,379.81431634578416,134.81431634578416
2012-11-25 16:00:00,228,381.39234379295584,153.39234379295584
2012-11-25 17:00:00,181,156.47564288017435,24.524357119825652
2012-11-25 18:00:00,141,130.57860394015583,10.42139605984417
2012-11-25 19:00:00,127,115.31579814033668,11.684201859663318
2012-11-25 20:00:00,119,93.97830647653522,25.021693523464776
2012-11-25 21:00:00,64,73.31067903915358,9.310679039153584
2012-11-25 22:00:00,62,55.63154245154122,6.368457548458778
2012-11-25 23:00:00,41,39.44556349716524,1.5544365028347613
2012-11-26 00:00:00,23,16.7159770441569,6.284022955843099
2012-11-26 01:00:00,10,2.5734149457715163,7.426585054228484
2012-11-26 02:00:00,5,0.0,5.0
2012-11-26 03:00:00,5,0.0,5.0
2012-11-26 04:00:00,10,0.0,10.0
2012-11-26 05:00:00,41,23.087107723280383,17.912892276719617
2012-11-26 06:00:00,124,92.96697892250383,31.033021077496173
2012-11-26 07:00:00,365,301.943962723375,63.05603727662498
2012-11-26 08:00:00,638,655.8787941565308,17.87879415653083
2012-11-26 09:00:00,286,314.8305790980853,28.83057909808531
2012-11-26 10:00:00,147,155.4436350114487,8.443635011448691
2012-11-26 11:00:00,130,197.42697916122552,67.42697916122552
2012-11-26 12:00:00,210,291.06526986605667,81.06526986605667
2012-11-26 13:00:00,217,250.63214819387582,33.63214819387582
2012-11-26 14:00:00,228,246.43977142294636,18.439771422946365
2012-11-26 15:00:00,230,248.88579242294654,18.885792422946537
2012-11-26 16:00:00,346,409.2780635699549,63.278063569954895
2012-11-26 17:00:00,553,714.6641132560052,161.66411325600518
2012-11-26 18:00:00,521,636.2421850775403,115.24218507754028
2012-11-26 19:00:00,371,378.6755735382169,7.675573538216895
2012-11-26 20:00:00,277,225.9179221202037,51.08207787979629
2012-11-26 21:00:00,181,148.02415854963175,32.97584145036825
2012-11-26 22:00:00,104,111.91040908802565,7.910409088025645
2012-11-26 23:00:00,65,64.59496402875706,0.40503597124293833
2012-11-27 00:00:00,26,29.145266291176725,3.145266291176725
2012-11-27 01:00:00,6,4.550159820862485,1.4498401791375146
2012-11-27 02:00:00,5,2.9357534709429562,2.0642465290570438
2012-11-27 03:00:00,4,0.0,4.0
2012-11-27 04:00:00,5,0.0,5.0
2012-11-27 05:00:00,31,28.764632377926038,2.2353676220739622
2012-11-27 06:00:00,100,124.77587479233354,24.77587479233354
2012-11-27 07:00:00,293,279.3154766968243,13.684523303175695
2012-11-27 08:00:00,500,388.25676535376135,111.74323464623865
2012-11-27 09:00:00,268,285.1244680759243,17.124468075924312
2012-11-27 10:00:00,57,75.57517935220179,18.575179352201786
2012-11-27 11:00:00,65,53.3152740302413,11.684725969758702
2012-11-27 12:00:00,76,103.58986257069597,27.58986257069597
2012-11-27 13:00:00,77,77.26884782118623,0.2688478211862275
2012-11-27 14:00:00,94,56.54109149239026,37.45890850760974
2012-11-27 15:00:00,155,175.8000330529448,20.800033052944798
2012-11-27 16:00:00,257,258.175811763536,1.1758117635359895
2012-11-27 17:00:00,527,587.8080134133818,60.80801341338179
2012-11-27 18:00:00,482,532.8098154604068,50.80981546040675
2012-11-27 19:00:00,350,340.72471238006756,9.275287619932442
2012-11-27 20:00:00,232,182.20634478375615,49.79365521624385
2012-11-27 21:00:00,185,138.524124114043,46.47587588595701
2012-11-27 22:00:00,97,103.32031031052814,6.320310310528143
2012-11-27 23:00:00,67,79.3088060072977,12.308806007297704
2012-11-28 00:00:00,23,47.102162780655746,24.102162780655746
2012-11-28 01:00:00,12,10.714587659712267,1.285412340287733
2012-11-28 02:00:00,1,4.333243792021816,3.3332437920218156
2012-11-28 03:00:00,3,0.0,3.0
2012-11-28 04:00:00,4,0.0,4.0
2012-11-28 05:00:00,39,28.25376456065574,10.746235439344261
2012-11-28 06:00:00,136,118.88790213408797,17.112097865912034
2012-11-28 07:00:00,409,370.7973173394277,38.20268266057229
2012-11-28 08:00:00,692,721.2611997818223,29.261199781822256
2012-11-28 09:00:00,322,322.7846558383845,0.7846558383844808
2012-11-28 10:00:00,161,151.8796367126775,9.120363287322505
2012-11-28 11:00:00,146,184.01308654356347,38.013086543563475
2012-11-28 12:00:00,208,259.42809396846775,51.42809396846775
2012-11-28 13:00:00,214,223.61183459136709,9.611834591367085
2012-11-28 14:00:00,176,225.93212001631804,49.93212001631804
2012-11-28 15:00:00,179,238.15617457334253,59.156174573342525
2012-11-28 16:00:00,325,406.679724884641,81.67972488464102
2012-11-28 17:00:00,563,755.7963948380036,192.7963948380036
2012-11-28 18:00:00,542,678.281538691697,136.28153869169705
2012-11-28 19:00:00,387,440.7472064100763,53.747206410076274
2012-11-28 20:00:00,263,250.82766724998828,12.17233275001172
2012-11-28 21:00:00,223,170.5448943010746,52.455105698925394
2012-11-28 22:00:00,154,128.3640690239606,25.63593097603939
2012-11-28 23:00:00,78,81.32552971698759,3.325529716987589
2012-11-29 00:00:00,29,38.721752788632074,9.721752788632074
2012-11-29 01:00:00,16,8.575915962190518,7.424084037809482
2012-11-29 02:00:00,7,1.0371339875549899,5.96286601244501
2012-11-29 04:00:00,7,0.0,7.0
2012-11-29 05:00:00,42,25.95790527761969,16.04209472238031
2012-11-29 06:00:00,121,113.23144508067244,7.768554919327556
2012-11-29 07:00:00,362,384.7023192219001,22.702319221900098
2012-11-29 08:00:00,679,637.9923249421545,41.00767505784552
2012-11-29 09:00:00,299,305.05664142476587,6.056641424765871
2012-11-29 10:00:00,178,154.7653628399868,23.234637160013193
2012-11-29 11:00:00,163,185.7487136904321,22.748713690432112
2012-11-29 12:00:00,236,234.15035691116583,1.8496430888341706
2012-11-29 13:00:00,224,228.95449296424954,4.954492964249539
2012-11-29 14:00:00,187,222.67148484807876,35.67148484807876
2012-11-29 15:00:00,220,243.3297989599911,23.32979895999111
2012-11-29 16:00:00,370,317.1093789940964,52.8906210059036
2012-11-29 17:00:00,561,655.4437585526545,94.44375855265446
2012-11-29 18:00:00,537,620.1570388280772,83.15703882807725
2012-11-29 19:00:00,344,396.8247713700138,52.82477137001382
2012-11-29 20:00:00,252,232.12084176314747,19.879158236852533
2012-11-29 21:00:00,208,178.7923409205261,29.2076590794739
2012-11-29 22:00:00,151,123.9619811920781,27.0380188079219
2012-11-29 23:00:00,130,89.59568259493429,40.40431740506571
2012-11-30 00:00:00,52,46.29216273940296,5.707837260597039
2012-11-30 01:00:00,19,14.292293628074008,4.707706371925992
2012-11-30 02:00:00,12,0.0,12.0
2012-11-30 04:00:00,3,0.0,3.0
2012-11-30 05:00:00,40,21.68030274705934,18.31969725294066
2012-11-30 06:00:00,106,91.83433350159153,14.16566649840847
2012-11-30 07:00:00,352,270.022647784336,81.97735221566398
2012-11-30 08:00:00,729,561.9701363591076,167.02986364089236
2012-11-30 09:00:00,330,278.9844884231693,51.015511576830704
2012-11-30 10:00:00,169,175.6061996815657,6.606199681565698
2012-11-30 11:00:00,201,202.54808680511476,1.5480868051147638
2012-11-30 12:00:00,268,288.724122499753,20.72412249975298
2012-11-30 13:00:00,262,280.77019025493536,18.770190254935358
2012-11-30 14:00:00,251,283.9603438071567,32.960343807156676
2012-11-30 15:00:00,296,315.30611014546747,19.30611014546747
2012-11-30 16:00:00,405,413.2422815151566,8.242281515156606
2012-11-30 17:00:00,582,582.3690100551734,0.36901005517336216
2012-11-30 18:00:00,509,367.5758202805715,141.42417971942848
2012-11-30 19:00:00,377,261.2069311809388,115.7930688190612
2012-11-30 20:00:00,245,188.86142062066472,56.13857937933528
2012-11-30 21:00:00,183,160.06310451942454,22.93689548057546
2012-11-30 22:00:00,163,120.55422644324851,42.44577355675149
2012-11-30 23:00:00,110,96.42533560313443,13.574664396865572
2012-12-01 00:00:00,108,110.21307261893098,2.2130726189309797
2012-12-01 01:00:00,69,81.26879233652728,12.268792336527284
2012-12-01 02:00:00,50,47.69439345470728,2.3056065452927186
2012-12-01 03:00:00,15,12.641169568724138,2.3588304312758623
2012-12-01 04:00:00,5,3.0117475436118233,1.9882524563881767
2012-12-01 05:00:00,13,3.0899664753788896,9.91003352462111
2012-12-01 06:00:00,27,21.33782543255987,5.662174567440129
2012-12-01 07:00:00,63,45.07853233520248,17.921467664797518
2012-12-01 08:00:00,144,137.2446526477744,6.755347352225613
2012-12-01 09:00:00,193,160.46897052199986,32.531029478000136
2012-12-01 10:00:00,256,230.0076943068775,25.99230569312249
2012-12-01 11:00:00,392,295.67690571686467,96.32309428313533
2012-12-01 12:00:00,446,334.7622566774287,111.2377433225713
2012-12-01 13:00:00,509,369.09899595250903,139.90100404749097
2012-12-01 14:00:00,479,339.82886303675434,139.17113696324566
2012-12-01 15:00:00,484,365.8391810488314,118.16081895116861
2012-12-01 16:00:00,443,359.82575915484347,83.17424084515653
2012-12-01 17:00:00,320,256.96359441033496,63.03640558966504
2012-12-01 18:00:00,297,260.03752208044955,36.96247791955045
2012-12-01 19:00:00,249,155.10364644618537,93.89635355381463
2012-12-01 20:00:00,198,159.71181633999345,38.28818366000655
2012-12-01 21:00:00,158,122.60400853449897,35.39599146550103
2012-12-01 22:00:00,147,115.49831962795278,31.50168037204722
2012-12-01 23:00:00,126,107.2824374717164,18.717562528283594
2012-12-02 00:00:00,117,88.7035211084478,28.296478891552198
2012-12-02 01:00:00,94,86.63193808036866,7.368061919631344
2012-12-02 02:00:00,74,56.79062997168205,17.20937002831795
2012-12-02 03:00:00,25,23.824781229947913,1.175218770052087
2012-12-02 04:00:00,7,1.2278128037652787,5.7721871962347215
2012-12-02 05:00:00,8,0.0,8.0
2012-12-02 06:00:00,16,11.535450289459957,4.464549710540043
2012-12-02 07:00:00,31,40.62858620982156,9.628586209821563
2012-12-02 08:00:00,93,99.23223600168326,6.232236001683262
2012-12-02 09:00:00,172,154.75776183688447,17.24223816311553
2012-12-02 10:00:00,293,243.83013222480332,49.16986777519668
2012-12-02 11:00:00,355,248.19043214696126,106.80956785303874
2012-12-02 12:00:00,520,312.0158913485761,207.98410865142392
2012-12-02 13:00:00,431,389.12136851151035,41.878631488489646
2012-12-02 14:00:00,473,418.1734607986714,54.826539201328615
2012-12-02 15:00:00,417,400.75993244855283,16.24006755144717
2012-12-02 16:00:00,443,385.14950929998855,57.85049070001145
2012-12-02 17:00:00,303,197.10830853044592,105.89169146955408
2012-12-02 18:00:00,203,226.42927022325892,23.429270223258925
2012-12-02 19:00:00,174,161.99222358352245,12.007776416477554
2012-12-02 20:00:00,154,134.44962097261336,19.55037902738664
2012-12-02 21:00:00,99,112.90259523887752,13.902595238877524
2012-12-02 22:00:00,96,84.8252962063637,11.174703793636297
2012-12-02 23:00:00,51,58.07573218552554,7.075732185525538
2012-12-03 00:00:00,21,33.36889058945232,12.36889058945232
2012-12-03 01:00:00,13,16.991481643821935,3.9914816438219347
2012-12-03 02:00:00,10,4.5612926130002105,5.4387073869997895
2012-12-03 03:00:00,8,0.0,8.0
2012-12-03 04:00:00,5,0.0,5.0
2012-12-03 05:00:00,38,28.969375980776185,9.030624019223815
2012-12-03 06:00:00,138,98.99336196117875,39.00663803882125
2012-12-03 07:00:00,396,361.95423723719534,34.04576276280466
2012-12-03 08:00:00,731,630.34389613069,100.65610386930996
2012-12-03 09:00:00,308,317.9382265139144,9.938226513914401
2012-12-03 10:00:00,136,191.29250487759987,55.29250487759987
2012-12-03 11:00:00,233,207.7377088805301,25.262291119469893
2012-12-03 12:00:00,268,295.7547706642774,27.754770664277373
2012-12-03 13:00:00,321,293.0337374297146,27.96626257028538
2012-12-03 14:00:00,260,268.8713687135698,8.87136871356978
2012-12-03 15:00:00,268,283.7914315093415,15.791431509341521
2012-12-03 16:00:00,442,433.2567026780222,8.74329732197782
2012-12-03 17:00:00,708,717.6047001846484,9.604700184648436
2012-12-03 18:00:00,692,637.762531235023,54.23746876497705
2012-12-03 19:00:00,471,387.40696962330634,83.59303037669366
2012-12-03 20:00:00,300,251.50147486749887,48.49852513250113
2012-12-03 21:00:00,221,160.23719903245515,60.76280096754485
2012-12-03 22:00:00,144,119.75868020458869,24.241319795411314
2012-12-03 23:00:00,102,78.95542899396015,23.044571006039845
2012-12-04 00:00:00,55,31.398829416878456,23.601170583121544
2012-12-04 01:00:00,25,10.219979497612718,14.780020502387282
2012-12-04 02:00:00,8,7.29650187519563,0.7034981248043701
2012-12-04 03:00:00,4,4.335077916069284,0.3350779160692836
2012-12-04 04:00:00,7,5.476782702372124,1.523217297627876
2012-12-04 05:00:00,46,35.60723615754245,10.392763842457548
2012-12-04 06:00:00,153,133.26585479388535,19.734145206114647
2012-12-04 07:00:00,502,386.11160114289623,115.88839885710377
2012-12-04 08:00:00,721,586.4862016781346,134.51379832186535
2012-12-04 09:00:00,336,306.65618813480967,29.343811865190332
2012-12-04 10:00:00,156,147.89116312524592,8.108836874754076
2012-12-04 11:00:00,207,188.61657081689,18.383429183109996
2012-12-04 12:00:00,312,253.78345715948024,58.216542840519764
2012-12-04 13:00:00,272,251.93215277282056,20.067847227179442
2012-12-04 14:00:00,270,241.26869702188313,28.731302978116872
2012-12-04 15:00:00,300,284.2913115259814,15.708688474018572
2012-12-04 16:00:00,435,409.0075601636634,25.992439836336587
2012-12-04 17:00:00,743,763.9243812169798,20.924381216979782
2012-12-04 18:00:00,731,705.0927934258791,25.90720657412089
2012-12-04 19:00:00,460,440.90640416463265,19.093595835367353
2012-12-04 20:00:00,306,275.0593281402549,30.940671859745123
2012-12-04 21:00:00,280,196.5212922736609,83.47870772633911
2012-12-04 22:00:00,181,150.69963765346668,30.30036234653332
2012-12-04 23:00:00,96,109.74626955726643,13.74626955726643
2012-12-05 00:00:00,37,63.296570502145336,26.296570502145336
2012-12-05 01:00:00,11,24.009132209816396,13.009132209816396
2012-12-05 02:00:00,9,15.765097725912133,6.765097725912133
2012-12-05 03:00:00,7,7.072216492200456,0.07221649220045556
2012-12-05 04:00:00,10,6.919382195023464,3.0806178049765363
2012-12-05 05:00:00,49,39.98769456684707,9.012305433152932
2012-12-05 06:00:00,124,116.43517546654746,7.564824533452537
2012-12-05 07:00:00,398,383.1485412286466,14.851458771353407
2012-12-05 08:00:00,759,744.6815475783891,14.318452421610914
2012-12-05 09:00:00,388,367.552206726965,20.447793273035018
2012-12-05 10:00:00,141,175.76898509727977,34.76898509727977
2012-12-05 11:00:00,172,220.13882082728585,48.138820827285855
2012-12-05 12:00:00,232,288.799884424515,56.79988442451503
2012-12-05 13:00:00,214,270.0599176295908,56.059917629590814
2012-12-05 14:00:00,218,264.43453537387325,46.434535373873246
2012-12-05 15:00:00,285,289.92664185484796,4.926641854847958
2012-12-05 16:00:00,377,454.10526358615493,77.10526358615493
2012-12-05 17:00:00,605,783.400508101018,178.40050810101798
2012-12-05 18:00:00,609,722.5490697901319,113.54906979013185
2012-12-05 19:00:00,414,444.77516164975015,30.775161649750146
2012-12-05 20:00:00,293,236.59254775936117,56.40745224063883
2012-12-05 21:00:00,198,192.7838786158911,5.216121384108902
2012-12-05 22:00:00,105,142.81591586631743,37.815915866317425
2012-12-05 23:00:00,74,73.81518735116455,0.18481264883544668
2012-12-06 00:00:00,44,34.521515799497415,9.478484200502585
2012-12-06 01:00:00,16,10.689162277676026,5.310837722323974
2012-12-06 02:00:00,9,1.0443531136260942,7.955646886373906
2012-12-06 03:00:00,2,0.0,2.0
2012-12-06 04:00:00,9,0.0,9.0
2012-12-06 05:00:00,32,29.85439117675912,2.145608823240881
2012-12-06 06:00:00,124,103.72784294683609,20.27215705316391
2012-12-06 07:00:00,389,371.63341753776245,17.366582462237545
2012-12-06 08:00:00,659,678.1946551964136,19.194655196413578
2012-12-06 09:00:00,276,290.400812319748,14.400812319748013
2012-12-06 10:00:00,145,151.13563005198301,6.135630051983014
2012-12-06 11:00:00,178,176.43649405425847,1.5635059457415252
2012-12-06 12:00:00,235,219.25670288668906,15.743297113310945
2012-12-06 13:00:00,245,214.7453204758065,30.254679524193506
2012-12-06 14:00:00,212,204.77653887380984,7.223461126190159
2012-12-06 15:00:00,270,222.381201482428,47.618798517572
2012-12-06 16:00:00,331,312.55651577645375,18.44348422354625
2012-12-06 17:00:00,617,670.6712605278933,53.67126052789331
2012-12-06 18:00:00,565,606.4382264854364,41.43822648543642
2012-12-06 19:00:00,373,410.97781123214537,37.97781123214537
2012-12-06 20:00:00,227,214.89770562814135,12.102294371858648
2012-12-06 21:00:00,191,182.95190893877393,8.048091061226074
2012-12-06 22:00:00,133,131.78812868433764,1.2118713156623642
2012-12-06 23:00:00,93,85.7440778301935,7.255922169806496
2012-12-07 00:00:00,48,46.084622372810195,1.9153776271898053
2012-12-07 01:00:00,28,10.950393242841502,17.0496067571585
2012-12-07 02:00:00,11,2.0196280103559077,8.980371989644093
2012-12-07 03:00:00,5,0.0,5.0
2012-12-07 04:00:00,10,0.0,10.0
2012-12-07 05:00:00,26,25.04880240819458,0.9511975918054212
2012-12-07 06:00:00,84,94.28372313532897,10.28372313532897
2012-12-07 07:00:00,215,191.9573516604346,23.042648339565403
2012-12-07 08:00:00,441,587.8873385030358,146.88733850303583
2012-12-07 09:00:00,301,291.94756279126926,9.052437208730737
2012-12-07 10:00:00,166,176.9842212594636,10.984221259463595
2012-12-07 11:00:00,203,199.20968577922713,3.7903142207728706
2012-12-07 12:00:00,240,259.8762476663907,19.876247666390725
2012-12-07 13:00:00,220,276.5642702013572,56.5642702013572
2012-12-07 14:00:00,215,232.21870967773384,17.21870967773384
2012-12-07 15:00:00,303,278.2245259643204,24.775474035679622
2012-12-07 16:00:00,375,357.6934024912591,17.30659750874088
2012-12-07 17:00:00,568,505.72712027045685,62.27287972954315
2012-12-07 18:00:00,498,369.20945537871495,128.79054462128505
2012-12-07 19:00:00,352,282.50873132754776,69.49126867245224
2012-12-07 20:00:00,241,158.72978612533996,82.27021387466004
2012-12-07 21:00:00,171,130.1278935814131,40.872106418586895
2012-12-07 22:00:00,165,118.61789264073639,46.382107359263614
2012-12-07 23:00:00,122,89.3531698458132,32.6468301541868
2012-12-08 00:00:00,103,94.43029600230714,8.569703997692855
2012-12-08 01:00:00,100,78.13540404768635,21.86459595231365
2012-12-08 02:00:00,70,48.70353316501873,21.296466834981267
2012-12-08 03:00:00,29,12.98501342094292,16.01498657905708
2012-12-08 04:00:00,12,1.6629373049177334,10.337062695082267
2012-12-08 05:00:00,6,1.7100832801988042,4.289916719801196
2012-12-08 06:00:00,20,22.438107706356874,2.438107706356874
2012-12-08 07:00:00,39,56.2466874375684,17.246687437568397
2012-12-08 08:00:00,111,157.35318002965008,46.353180029650076
2012-12-08 09:00:00,170,202.66137986468968,32.66137986468968
2012-12-08 10:00:00,287,245.20048134344304,41.799518656556955
2012-12-08 11:00:00,404,269.6886014051749,134.3113985948251
2012-12-08 12:00:00,486,313.4596949278382,172.5403050721618
2012-12-08 13:00:00,547,331.91850919834303,215.08149080165697
2012-12-08 14:00:00,542,304.8405682853482,237.15943171465182
2012-12-08 15:00:00,541,395.2285025057523,145.77149749424768
2012-12-08 16:00:00,507,373.54096157547485,133.45903842452515
2012-12-08 17:00:00,345,308.5847593776585,36.415240622341514
2012-12-08 18:00:00,304,291.0012868623276,12.998713137672382
2012-12-08 19:00:00,246,201.00520647147184,44.99479352852816
2012-12-08 20:00:00,182,157.03225070822134,24.96774929177866
2012-12-08 21:00:00,209,126.86100717240369,82.13899282759631
2012-12-08 22:00:00,160,120.36009834237602,39.63990165762398
2012-12-08 23:00:00,162,106.95484067569322,55.04515932430678
2012-12-09 00:00:00,118,97.62973278040751,20.370267219592492
2012-12-09 01:00:00,102,94.7336553113521,7.266344688647905
2012-12-09 02:00:00,78,65.16225331610437,12.837746683895631
2012-12-09 03:00:00,48,26.89525475020077,21.10474524979923
2012-12-09 04:00:00,12,3.024684237664492,8.975315762335509
2012-12-09 05:00:00,8,2.3577652837793117,5.642234716220688
2012-12-09 06:00:00,6,13.882307142891817,7.8823071428918166
2012-12-09 07:00:00,23,32.319811196344524,9.319811196344524
2012-12-09 08:00:00,69,72.15938911997506,3.15938911997506
2012-12-09 09:00:00,103,172.74678987967394,69.74678987967394
2012-12-09 10:00:00,219,235.14094044407608,16.14094044407608
2012-12-09 11:00:00,250,239.9823219896391,10.017678010360896
2012-12-09 12:00:00,315,322.850429672034,7.850429672034011
2012-12-09 13:00:00,285,283.4361291232425,1.5638708767575054
2012-12-09 14:00:00,232,275.5840729438111,43.58407294381112
2012-12-09 15:00:00,225,169.53072472976305,55.46927527023695
2012-12-09 16:00:00,253,160.07236899695044,92.92763100304956
2012-12-09 17:00:00,229,121.18933918134003,107.81066081865997
2012-12-09 18:00:00,198,127.1354858204071,70.8645141795929
2012-12-09 19:00:00,122,87.97616582895846,34.02383417104154
2012-12-09 20:00:00,108,58.82897962959447,49.17102037040553
2012-12-09 21:00:00,96,89.43606096352343,6.563939036476569
2012-12-09 22:00:00,78,43.34451244594507,34.65548755405493
2012-12-09 23:00:00,51,32.99908632783611,18.00091367216389
2012-12-10 00:00:00,20,15.612358966319201,4.387641033680799
2012-12-10 01:00:00,4,10.54765398732648,6.5476539873264805
2012-12-10 02:00:00,5,3.8666272474585304,1.1333727525414696
2012-12-10 03:00:00,4,1.3965414288924471,2.603458571107553
2012-12-10 04:00:00,12,0.19752659062386424,11.802473409376136
2012-12-10 05:00:00,27,28.265573380240994,1.265573380240994
2012-12-10 06:00:00,123,99.03037467424404,23.969625325755956
2012-12-10 07:00:00,294,282.62224941392475,11.377750586075251
2012-12-10 08:00:00,584,552.7566924989128,31.2433075010872
2012-12-10 09:00:00,284,295.5266202130284,11.526620213028423
2012-12-10 10:00:00,133,153.69685340826462,20.696853408264616
2012-12-10 11:00:00,134,101.43142055477931,32.56857944522069
2012-12-10 12:00:00,173,119.34811907639718,53.65188092360282
2012-12-10 13:00:00,220,111.64888836261478,108.35111163738522
2012-12-10 14:00:00,210,171.75049784908546,38.24950215091454
2012-12-10 15:00:00,236,207.26609625868466,28.733903741315345
2012-12-10 16:00:00,345,285.56605522599864,59.43394477400136
2012-12-10 17:00:00,616,541.3678576193984,74.63214238060164
2012-12-10 18:00:00,564,463.8077828942227,100.19221710577727
2012-12-10 19:00:00,427,378.4859762171206,48.514023782879406
2012-12-10 20:00:00,300,200.59217699695594,99.40782300304406
2012-12-10 21:00:00,245,144.2040509605549,100.7959490394451
2012-12-10 22:00:00,126,111.62806369322468,14.371936306775325
2012-12-10 23:00:00,84,75.26260327472014,8.737396725279865
2012-12-11 00:00:00,31,27.47155428980298,3.528445710197019
2012-12-11 01:00:00,8,7.579172160376519,0.420827839623481
2012-12-11 02:00:00,1,2.893710395648681,1.893710395648681
2012-12-11 03:00:00,3,0.0,3.0
2012-12-11 04:00:00,8,0.0,8.0
2012-12-11 05:00:00,41,28.13480633358647,12.865193666413528
2012-12-11 06:00:00,118,117.84605539929866,0.15394460070133675
2012-12-11 07:00:00,380,394.4586290898898,14.458629089889826
2012-12-11 08:00:00,724,661.8427650355856,62.15723496441444
2012-12-11 09:00:00,334,303.31881582348035,30.68118417651965
2012-12-11 10:00:00,154,153.8622339067901,0.13776609320990474
2012-12-11 11:00:00,173,163.74225237290023,9.257747627099775
2012-12-11 12:00:00,226,225.02779552261256,0.9722044773874359
2012-12-11 13:00:00,254,224.9236894682298,29.07631053177019
2012-12-11 14:00:00,204,206.95665812291352,2.956658122913524
2012-12-11 15:00:00,270,234.00248226031823,35.99751773968177
2012-12-11 16:00:00,358,321.3543547061832,36.64564529381681
2012-12-11 17:00:00,601,702.3595507391835,101.35955073918353
2012-12-11 18:00:00,546,612.211396047093,66.21139604709299
2012-12-11 19:00:00,433,383.5533061140143,49.446693885985724
2012-12-11 20:00:00,257,217.32781839941296,39.67218160058704
2012-12-11 21:00:00,207,168.43382870572412,38.566171294275875
2012-12-11 22:00:00,106,117.05146058542422,11.051460585424223
2012-12-11 23:00:00,64,89.79859265009068,25.798592650090683
2012-12-12 00:00:00,34,50.46010708628819,16.46010708628819
2012-12-12 01:00:00,21,13.929871678026462,7.070128321973538
2012-12-12 02:00:00,9,6.783112742507489,2.2168872574925107
2012-12-12 03:00:00,10,0.0,10.0
2012-12-12 04:00:00,4,0.0,4.0
2012-12-12 05:00:00,37,30.51093104467411,6.489068955325891
2012-12-12 06:00:00,128,115.42943114879175,12.57056885120825
2012-12-12 07:00:00,369,379.11273861010045,10.11273861010045
2012-12-12 08:00:00,688,688.6619136672036,0.6619136672036348
2012-12-12 09:00:00,285,324.92832210614097,39.92832210614097
2012-12-12 10:00:00,136,139.08153080508018,3.0815308050801775
2012-12-12 11:00:00,172,160.71197582020562,11.288024179794377
2012-12-12 12:00:00,232,215.94548986410254,16.05451013589746
2012-12-12 13:00:00,238,211.8400507266025,26.1599492733975
2012-12-12 14:00:00,225,209.71827767612322,15.281722323876778
2012-12-12 15:00:00,228,214.89784296679693,13.10215703320307
2012-12-12 16:00:00,329,308.9470001370719,20.052999862928118
2012-12-12 17:00:00,561,674.457866013225,113.45786601322504
2012-12-12 18:00:00,540,582.7580168303141,42.75801683031409
2012-12-12 19:00:00,402,365.7397720793827,36.2602279206173
2012-12-12 20:00:00,268,218.7115539963119,49.28844600368811
2012-12-12 21:00:00,202,173.20634961851962,28.793650381480376
2012-12-12 22:00:00,122,122.17102792342219,0.1710279234221872
2012-12-12 23:00:00,79,64.18063656841707,14.819363431582929
2012-12-13 00:00:00,32,40.72952170318981,8.72952170318981
2012-12-13 01:00:00,23,13.199916738174284,9.800083261825716
2012-12-13 02:00:00,8,4.282828926964476,3.717171073035524
2012-12-13 03:00:00,2,0.0,2.0
2012-12-13 04:00:00,8,0.0,8.0
2012-12-13 05:00:00,33,31.20083701256508,1.7991629874349186
2012-12-13 06:00:00,114,106.92198660962646,7.078013390373542
2012-12-13 07:00:00,385,371.9860901165959,13.013909883404096
2012-12-13 08:00:00,679,684.1317457928194,5.131745792819402
2012-12-13 09:00:00,325,278.2052594472146,46.79474055278541
2012-12-13 10:00:00,167,150.7026652083444,16.2973347916556
2012-12-13 11:00:00,189,185.60039689618495,3.3996031038150534
2012-12-13 12:00:00,282,235.86890636178077,46.13109363821923
2012-12-13 13:00:00,271,228.5782438698589,42.42175613014109
2012-12-13 14:00:00,242,208.80698394718917,33.19301605281083
2012-12-13 15:00:00,280,228.5778512539341,51.422148746065886
2012-12-13 16:00:00,406,299.3776757011236,106.62232429887638
2012-12-13 17:00:00,550,647.893325750331,97.89332575033097
2012-12-13 18:00:00,466,554.050819630715,88.05081963071495
2012-12-13 19:00:00,348,349.9626015347539,1.962601534753901
2012-12-13 20:00:00,241,202.62071606297496,38.379283937025036
2012-12-13 21:00:00,213,179.38789753673026,33.612102463269736
2012-12-13 22:00:00,148,132.70201644142318,15.297983558576817
2012-12-13 23:00:00,120,86.17539742406612,33.82460257593388
2012-12-14 00:00:00,47,39.931950396376145,7.068049603623855
2012-12-14 01:00:00,26,10.103147032837265,15.896852967162735
2012-12-14 02:00:00,9,0.15191279135687005,8.84808720864313
2012-12-14 03:00:00,12,0.0,12.0
2012-12-14 04:00:00,10,0.0,10.0
2012-12-14 05:00:00,34,20.745779815527893,13.254220184472107
2012-12-14 06:00:00,113,86.36780992848827,26.63219007151173
2012-12-14 07:00:00,308,245.7546001854787,62.245399814521306
2012-12-14 08:00:00,636,546.6384594304915,89.36154056950852
2012-12-14 09:00:00,343,284.3180946469485,58.68190535305149
2012-12-14 10:00:00,190,155.8464050409729,34.15359495902709
2012-12-14 11:00:00,211,198.27612853737483,12.72387146262517
2012-12-14 12:00:00,273,267.91726403654167,5.082735963458333
2012-12-14 13:00:00,313,275.0771484790578,37.922851520942174
2012-12-14 14:00:00,299,242.82329475717117,56.17670524282883
2012-12-14 15:00:00,309,297.69708111696787,11.302918883032135
2012-12-14 16:00:00,417,382.3771707512413,34.622829248758705
2012-12-14 17:00:00,622,472.55687887154613,149.44312112845387
2012-12-14 18:00:00,455,396.5114181097629,58.48858189023713
2012-12-14 19:00:00,319,261.0683113640409,57.93168863595912
2012-12-14 20:00:00,221,190.18505647343824,30.814943526561763
2012-12-14 21:00:00,172,155.92099724436721,16.079002755632786
2012-12-14 22:00:00,138,130.77124599557797,7.228754004422029
2012-12-14 23:00:00,134,98.6224540463377,35.377545953662306
2012-12-15 00:00:00,94,91.32067036837537,2.6793296316246256
2012-12-15 01:00:00,95,65.88812836090138,29.111871639098624
2012-12-15 02:00:00,69,49.75869648778024,19.24130351221976
2012-12-15 03:00:00,23,9.725122283957992,13.274877716042008
2012-12-15 04:00:00,6,0.0,6.0
2012-12-15 05:00:00,3,0.0,3.0
2012-12-15 06:00:00,11,15.381381795235098,4.381381795235098
2012-12-15 07:00:00,48,46.425443069609635,1.574556930390365
2012-12-15 08:00:00,119,139.7207352969971,20.720735296997105
2012-12-15 09:00:00,220,213.33967983865043,6.660320161349574
2012-12-15 10:00:00,273,296.48356393507515,23.483563935075153
2012-12-15 11:00:00,393,374.7092262935,18.290773706499976
2012-12-15 12:00:00,453,452.8267198202013,0.17328017979872357
2012-12-15 13:00:00,456,477.79206607537236,21.79206607537236
2012-12-15 14:00:00,426,467.0536183526482,41.053618352648186
2012-12-15 15:00:00,447,462.28917366794684,15.28917366794684
2012-12-15 16:00:00,413,429.2348881846515,16.23488818465148
2012-12-15 17:00:00,309,398.14409721280623,89.14409721280623
2012-12-15 18:00:00,272,312.206256768576,40.206256768576
2012-12-15 19:00:00,257,216.5964087455258,40.40359125447421
2012-12-15 20:00:00,201,172.73785275493145,28.262147245068547
2012-12-15 21:00:00,184,165.0117083888876,18.988291611112402
2012-12-15 22:00:00,156,131.61133778786973,24.38866221213027
2012-12-15 23:00:00,119,121.04100992066026,2.041009920660258
2012-12-16 00:00:00,110,98.00539768149679,11.994602318503212
2012-12-16 01:00:00,96,54.823687764664555,41.176312235335445
2012-12-16 02:00:00,87,62.346360703202265,24.653639296797735
2012-12-16 03:00:00,38,28.120076827252994,9.879923172747006
2012-12-16 04:00:00,11,2.1735015932443456,8.826498406755654
2012-12-16 05:00:00,9,1.1329961211898767,7.867003878810124
2012-12-16 06:00:00,6,10.951623743359084,4.951623743359084
2012-12-16 07:00:00,27,38.55139044210346,11.551390442103461
2012-12-16 08:00:00,88,99.82617310475929,11.826173104759292
2012-12-16 09:00:00,132,181.21248340752302,49.212483407523024
2012-12-16 10:00:00,257,239.66168937846325,17.33831062153675
2012-12-16 11:00:00,295,238.74965485668378,56.250345143316224
2012-12-16 12:00:00,417,302.5807550365936,114.41924496340641
2012-12-16 13:00:00,356,325.50648838028474,30.493511619715264
2012-12-16 14:00:00,310,310.57511560942186,0.5751156094218572
2012-12-16 15:00:00,338,276.8575704366028,61.14242956339717
2012-12-16 16:00:00,400,275.2353648361129,124.76463516388708
2012-12-16 17:00:00,243,228.80417406045237,14.195825939547632
2012-12-16 18:00:00,107,138.3361164122596,31.3361164122596
2012-12-16 19:00:00,109,139.34144136301887,30.341441363018873
2012-12-16 20:00:00,122,115.88352070076786,6.1164792992321395
2012-12-16 21:00:00,106,82.79308414872798,23.206915851272015
2012-12-16 22:00:00,89,71.46034097703975,17.53965902296025
2012-12-16 23:00:00,33,45.62762573997735,12.627625739977347
2012-12-17 00:00:00,28,18.67005850474754,9.32994149525246
2012-12-17 01:00:00,15,11.283781116711435,3.7162188832885654
2012-12-17 02:00:00,5,3.8414384218139443,1.1585615781860557
2012-12-17 03:00:00,3,0.0,3.0
2012-12-17 04:00:00,5,0.0,5.0
2012-12-17 05:00:00,24,28.343705528654947,4.343705528654947
2012-12-17 06:00:00,108,104.01114314009676,3.988856859903237
2012-12-17 07:00:00,319,370.34242145664894,51.342421456648935
2012-12-17 08:00:00,592,548.1583604462492,43.84163955375084
2012-12-17 09:00:00,282,322.55080057039515,40.550800570395154
2012-12-17 10:00:00,135,144.29015973153918,9.290159731539177
2012-12-17 11:00:00,170,146.08987756184402,23.91012243815598
2012-12-17 12:00:00,232,188.9781229754418,43.021877024558194
2012-12-17 13:00:00,210,168.80771812052288,41.19228187947712
2012-12-17 14:00:00,181,159.885174007679,21.114825992320988
2012-12-17 15:00:00,211,177.9934542097096,33.0065457902904
2012-12-17 16:00:00,302,164.5398888783292,137.4601111216708
2012-12-17 17:00:00,495,518.527064838496,23.527064838496017
2012-12-17 18:00:00,507,451.4431126113215,55.55688738867849
2012-12-17 19:00:00,340,354.2886024797569,14.28860247975689
2012-12-17 20:00:00,200,189.57777774864454,10.422222251355464
2012-12-17 21:00:00,120,148.05574777679212,28.055747776792117
2012-12-17 22:00:00,54,101.83401183812131,47.83401183812131
2012-12-17 23:00:00,47,60.83384877758759,13.83384877758759
2012-12-18 00:00:00,18,30.357451521639515,12.357451521639515
2012-12-18 01:00:00,15,7.981855019901065,7.018144980098935
2012-12-18 02:00:00,7,3.968875157511442,3.031124842488558
2012-12-18 03:00:00,5,2.3627890873982094,2.6372109126017906
2012-12-18 04:00:00,8,4.513221390056138,3.486778609943862
2012-12-18 05:00:00,36,35.049241542551805,0.9507584574481953
2012-12-18 06:00:00,118,115.40368293067702,2.5963170693229785
2012-12-18 07:00:00,355,372.56810899383385,17.568108993833846
2012-12-18 08:00:00,662,619.2946713983646,42.705328601635415
2012-12-18 09:00:00,326,292.2229248309074,33.7770751690926
2012-12-18 10:00:00,184,166.35590886074908,17.644091139250918
2012-12-18 11:00:00,269,198.7159987278111,70.2840012721889
2012-12-18 12:00:00,313,230.82675671935954,82.17324328064046
2012-12-18 13:00:00,286,240.75404813328197,45.24595186671803
2012-12-18 14:00:00,247,217.9527851816059,29.04721481839411
2012-12-18 15:00:00,246,248.39381762499323,2.3938176249932326
2012-12-18 16:00:00,363,340.09865759494954,22.901342405050457
2012-12-18 17:00:00,572,653.7302449272628,81.73024492726279
2012-12-18 18:00:00,525,565.7628971761991,40.76289717619909
2012-12-18 19:00:00,353,350.114312360741,2.885687639259004
2012-12-18 20:00:00,268,211.52733617604807,56.47266382395193
2012-12-18 21:00:00,168,164.85909917201224,3.140900827987764
2012-12-18 22:00:00,132,109.22878079292386,22.771219207076143
2012-12-18 23:00:00,81,79.62975338501366,1.3702466149863426
2012-12-19 00:00:00,41,50.31284752150014,9.312847521500139
2012-12-19 01:00:00,15,14.588549902739484,0.4114500972605164
2012-12-19 02:00:00,3,4.221609542596024,1.221609542596024
2012-12-19 03:00:00,5,0.0,5.0
2012-12-19 04:00:00,7,0.0,7.0
2012-12-19 05:00:00,31,29.53215823481565,1.4678417651843496
2012-12-19 06:00:00,112,108.22538897519662,3.7746110248033773
2012-12-19 07:00:00,363,368.71814241722626,5.718142417226261
2012-12-19 08:00:00,678,649.8141572527865,28.18584274721354
2012-12-19 09:00:00,317,328.6048469745456,11.60484697454558
2012-12-19 10:00:00,164,155.50257604685194,8.497423953148058
2012-12-19 11:00:00,200,189.20552564684672,10.794474353153277
2012-12-19 12:00:00,236,246.1722141407262,10.172214140726197
2012-12-19 13:00:00,213,251.66706643684688,38.66706643684688
2012-12-19 14:00:00,218,225.70570212234887,7.7057021223488675
2012-12-19 15:00:00,237,248.07139944067754,11.071399440677538
2012-12-19 16:00:00,334,348.0192665095837,14.019266509583701
2012-12-19 17:00:00,562,710.328661091477,148.328661091477
2012-12-19 18:00:00,569,600.0194370905649,31.019437090564907
2012-12-19 19:00:00,336,371.1101326628565,35.11013266285647
2012-12-19 20:00:00,241,216.3323098904246,24.667690109575403
2012-12-19 21:00:00,168,179.72373123805457,11.723731238054569
2012-12-19 22:00:00,129,121.66719606267677,7.332803937323234
2012-12-19 23:00:00,88,64.47336657318199,23.52663342681801
2012-12-20 00:00:00,42,34.597998206088796,7.402001793911204
2012-12-20 01:00:00,20,13.321276634239178,6.678723365760822
2012-12-20 02:00:00,8,2.7318705772540413,5.268129422745959
2012-12-20 03:00:00,4,0.0,4.0
2012-12-20 04:00:00,6,0.0,6.0
2012-12-20 05:00:00,35,29.796963131515096,5.203036868484904
2012-12-20 06:00:00,118,103.35673053494057,14.643269465059433
2012-12-20 07:00:00,350,355.3492852549299,5.349285254929896
2012-12-20 08:00:00,599,648.2803016462314,49.28030164623135
2012-12-20 09:00:00,317,282.696870655162,34.303129344838
2012-12-20 10:00:00,161,153.6176636796219,7.382336320378101
2012-12-20 11:00:00,190,177.6460012421889,12.353998757811098
2012-12-20 12:00:00,212,231.2288345032166,19.228834503216603
2012-12-20 13:00:00,217,225.28908562933142,8.289085629331424
2012-12-20 14:00:00,214,199.82460021388346,14.175399786116543
2012-12-20 15:00:00,249,230.5672221835372,18.43277781646279
2012-12-20 16:00:00,302,296.9760735420865,5.02392645791349
2012-12-20 17:00:00,475,575.9589817207648,100.95898172076477
2012-12-20 18:00:00,381,472.3053624566879,91.30536245668787
2012-12-20 19:00:00,118,259.789437861847,141.78943786184698
2012-12-20 20:00:00,50,157.33566203120262,107.33566203120262
2012-12-20 21:00:00,26,106.42985145447751,80.42985145447751
2012-12-20 22:00:00,21,60.84820671493142,39.84820671493142
2012-12-20 23:00:00,13,51.96873906218033,38.96873906218033
2012-12-21 00:00:00,17,38.558279679240385,21.558279679240385
2012-12-21 01:00:00,9,12.540827046014076,3.5408270460140763
2012-12-21 02:00:00,3,2.1983349583913796,0.8016650416086204
2012-12-21 03:00:00,3,0.07776057656759672,2.922239423432403
2012-12-21 04:00:00,6,0.0,6.0
2012-12-21 05:00:00,13,23.4033980214898,10.4033980214898
2012-12-21 06:00:00,80,86.5344748959134,6.534474895913405
2012-12-21 07:00:00,208,244.2212245960501,36.22122459605009
2012-12-21 08:00:00,472,459.65967004159637,12.340329958403629
2012-12-21 09:00:00,267,269.27752892632975,2.277528926329751
2012-12-21 10:00:00,154,149.12273018231718,4.877269817682816
2012-12-21 11:00:00,162,173.99269302034008,11.992693020340084
2012-12-21 12:00:00,224,212.0288599051368,11.971140094863188
2012-12-21 13:00:00,240,206.3618091894059,33.6381908105941
2012-12-21 14:00:00,219,200.6738720672731,18.326127932726905
2012-12-21 15:00:00,263,256.681035854892,6.318964145107998
2012-12-21 16:00:00,281,327.6469207070397,46.646920707039726
2012-12-21 17:00:00,321,470.8388093955192,149.8388093955192
2012-12-21 18:00:00,243,327.59442069311143,84.59442069311143
2012-12-21 19:00:00,153,246.59289860110084,93.59289860110084
2012-12-21 20:00:00,112,164.10729487956002,52.107294879560015
2012-12-21 21:00:00,70,119.62755027310897,49.627550273108966
2012-12-21 22:00:00,63,107.72075955696772,44.72075955696772
2012-12-21 23:00:00,40,94.25261131427744,54.252611314277445
2012-12-22 00:00:00,31,70.26039443545804,39.26039443545804
2012-12-22 01:00:00,35,69.7303953620835,34.7303953620835
2012-12-22 02:00:00,23,49.10516503257483,26.10516503257483
2012-12-22 03:00:00,7,14.07661144859166,7.07661144859166
2012-12-22 04:00:00,5,3.120229288476355,1.879770711523645
2012-12-22 05:00:00,5,1.7243059002765921,3.275694099723408
2012-12-22 06:00:00,13,14.063220616366277,1.0632206163662765
2012-12-22 07:00:00,20,48.38856119786735,28.388561197867347
2012-12-22 08:00:00,29,119.82183795967433,90.82183795967433
2012-12-22 09:00:00,90,177.60494851392076,87.60494851392076
2012-12-22 10:00:00,118,208.30197073904512,90.30197073904512
2012-12-22 11:00:00,159,225.24800715852933,66.24800715852933
2012-12-22 12:00:00,146,323.6274126266117,177.62741262661172
2012-12-22 13:00:00,158,414.8490583904941,256.8490583904941
2012-12-22 14:00:00,161,407.3865531095638,246.3865531095638
2012-12-22 15:00:00,153,370.67004844188983,217.67004844188983
2012-12-22 16:00:00,147,304.46167164652394,157.46167164652394
2012-12-22 17:00:00,114,146.4036542945183,32.403654294518304
2012-12-22 18:00:00,82,61.5457110007932,20.454288999206803
2012-12-22 19:00:00,60,69.15604447320635,9.15604447320635
2012-12-22 20:00:00,61,68.11613804340011,7.116138043400113
2012-12-22 21:00:00,53,62.25889390626872,9.258893906268717
2012-12-22 22:00:00,39,70.23439153348741,31.23439153348741
2012-12-22 23:00:00,40,74.89551658302905,34.89551658302905
2012-12-23 00:00:00,27,65.1738971469347,38.173897146934706
2012-12-23 01:00:00,20,59.51992646284774,39.51992646284774
2012-12-23 02:00:00,18,33.22517723326482,15.225177233264823
2012-12-23 03:00:00,9,12.331436209003748,3.3314362090037477
2012-12-23 04:00:00,4,0.0,4.0
2012-12-23 05:00:00,6,0.0,6.0
2012-12-23 06:00:00,9,0.0,9.0
2012-12-23 07:00:00,19,7.3447755051554955,11.655224494844504
2012-12-23 08:00:00,48,68.76287412577388,20.762874125773877
2012-12-23 09:00:00,56,75.85211971968644,19.852119719686442
2012-12-23 10:00:00,93,116.8522592969938,23.852259296993793
2012-12-23 11:00:00,152,151.51302263443588,0.4869773655641154
2012-12-23 12:00:00,196,278.8059019615051,82.80590196150513
2012-12-23 13:00:00,186,192.50979302157702,6.509793021577025
2012-12-23 14:00:00,175,180.39409974178406,5.394099741784061
2012-12-23 15:00:00,137,159.23144073659026,22.231440736590258
2012-12-23 16:00:00,190,159.60981527520164,30.39018472479836
2012-12-23 17:00:00,114,79.3048651982492,34.6951348017508
2012-12-23 18:00:00,93,79.48306489888706,13.516935101112935
2012-12-23 19:00:00,58,63.407809547494935,5.407809547494935
2012-12-23 20:00:00,52,60.039440371742224,8.039440371742224
2012-12-23 21:00:00,42,36.03430916339115,5.96569083660885
2012-12-23 22:00:00,58,24.924512773714063,33.07548722628594
2012-12-23 23:00:00,25,12.995228765532932,12.004771234467068
2012-12-24 00:00:00,12,1.056360199789141,10.943639800210859
2012-12-24 01:00:00,11,0.0,11.0
2012-12-24 02:00:00,5,0.0,5.0
2012-12-24 03:00:00,3,0.0,3.0
2012-12-24 05:00:00,9,16.040016824312524,7.040016824312524
2012-12-24 06:00:00,17,75.1987187460525,58.198718746052506
2012-12-24 07:00:00,30,253.36332817446544,223.36332817446544
2012-12-24 08:00:00,66,642.9551550762733,576.9551550762733
2012-12-24 09:00:00,85,223.74754239427384,138.74754239427384
2012-12-24 10:00:00,103,103.65714492959395,0.6571449295939544
2012-12-24 11:00:00,124,115.76711617245194,8.232883827548065
2012-12-24 12:00:00,135,119.01542182090088,15.984578179099117
2012-12-24 13:00:00,70,88.32685559549512,18.326855595495118
2012-12-24 14:00:00,46,79.25516486034462,33.25516486034462
2012-12-24 15:00:00,33,79.0203343359462,46.0203343359462
2012-12-24 16:00:00,33,106.76409017324998,73.76409017324998
2012-12-24 17:00:00,26,356.908550784629,330.908550784629
2012-12-24 18:00:00,26,303.0184266719949,277.0184266719949
2012-12-24 19:00:00,18,236.73282084865585,218.73282084865585
2012-12-24 20:00:00,23,82.84662670581011,59.84662670581011
2012-12-24 21:00:00,22,17.391162673651163,4.608837326348837
2012-12-24 22:00:00,12,55.89430085862309,43.89430085862309
2012-12-24 23:00:00,11,30.022429018996885,19.022429018996885
2012-12-25 00:00:00,13,4.747436776498816,8.252563223501184
2012-12-25 01:00:00,13,0.0,13.0
2012-12-25 02:00:00,7,0.0,7.0
2012-12-25 05:00:00,3,7.015904628041009,4.015904628041009
2012-12-25 06:00:00,7,49.47531429802273,42.47531429802273
2012-12-25 07:00:00,6,20.109061129163862,14.109061129163862
2012-12-25 08:00:00,11,208.62036203853876,197.62036203853876
2012-12-25 09:00:00,28,42.87058149686202,14.870581496862023
2012-12-25 10:00:00,32,81.3110528311856,49.311052831185606
2012-12-25 11:00:00,86,105.24697185761508,19.24697185761508
2012-12-25 12:00:00,114,92.47013741894565,21.529862581054346
2012-12-25 13:00:00,121,137.18727452914254,16.18727452914254
2012-12-25 14:00:00,126,136.3165645969631,10.316564596963104
2012-12-25 15:00:00,107,124.29330121151706,17.29330121151706
2012-12-25 16:00:00,86,137.12818268884723,51.12818268884723
2012-12-25 17:00:00,50,254.59642142890897,204.59642142890897
2012-12-25 18:00:00,43,202.25713772636195,159.25713772636195
2012-12-25 19:00:00,36,49.3134090251236,13.313409025123597
2012-12-25 20:00:00,40,32.43810749094209,7.5618925090579125
2012-12-25 21:00:00,34,31.893970617704678,2.106029382295322
2012-12-25 22:00:00,19,33.11735401693854,14.117354016938542
2012-12-25 23:00:00,30,24.86684079224493,5.133159207755071
2012-12-26 00:00:00,9,29.086980236413943,20.086980236413943
2012-12-26 01:00:00,7,2.35303274103556,4.64696725896444
2012-12-26 02:00:00,1,0.0,1.0
2012-12-26 04:00:00,2,0.0,2.0
2012-12-26 05:00:00,11,11.891722950600697,0.8917229506006965
2012-12-26 06:00:00,36,69.88591951453205,33.88591951453205
2012-12-26 07:00:00,26,135.0027321736275,109.00273217362749
2012-12-26 08:00:00,31,392.50758585649595,361.50758585649595
2012-12-26 09:00:00,23,144.2261303327175,121.2261303327175
2012-12-26 10:00:00,8,18.88316800011793,10.88316800011793
2012-12-26 11:00:00,10,12.695623368919732,2.6956233689197315
2012-12-26 12:00:00,10,38.673367111275766,28.673367111275766
2012-12-26 13:00:00,15,14.4213887398083,0.5786112601916997
2012-12-26 14:00:00,20,27.18022523463495,7.18022523463495
2012-12-26 15:00:00,13,35.60190561694909,22.60190561694909
2012-12-26 16:00:00,13,44.531583754748674,31.531583754748674
2012-12-26 17:00:00,53,171.22553156224836,118.22553156224836
2012-12-26 18:00:00,43,163.56923176495604,120.56923176495604
2012-12-26 19:00:00,35,122.89678483788812,87.89678483788812
2012-12-26 20:00:00,32,41.490353403071516,9.490353403071516
2012-12-26 21:00:00,20,45.55777890466795,25.55777890466795
2012-12-26 22:00:00,11,18.14679803958537,7.14679803958537
2012-12-26 23:00:00,10,22.997262308628745,12.997262308628745
2012-12-27 00:00:00,3,12.637951083643173,9.637951083643173
2012-12-27 01:00:00,5,0.0,5.0
2012-12-27 02:00:00,2,0.0,2.0
2012-12-27 03:00:00,1,0.0,1.0
2012-12-27 04:00:00,3,0.0,3.0
2012-12-27 05:00:00,11,14.376972799376546,3.3769727993765457
2012-12-27 06:00:00,45,63.56492932829161,18.564929328291612
2012-12-27 07:00:00,90,211.42642121918584,121.42642121918584
2012-12-27 08:00:00,208,534.1387537014414,326.1387537014414
2012-12-27 09:00:00,133,165.90421603272526,32.90421603272526
2012-12-27 10:00:00,75,84.22791404728373,9.227914047283733
2012-12-27 11:00:00,103,98.7656516812295,4.2343483187705
2012-12-27 12:00:00,109,112.79487654894245,3.7948765489424545
2012-12-27 13:00:00,118,118.00235995422939,0.002359954229390837
2012-12-27 14:00:00,119,89.9159153882872,29.084084611712797
2012-12-27 15:00:00,120,102.99231141542298,17.007688584577025
2012-12-27 16:00:00,174,165.12151360192505,8.878486398074955
2012-12-27 17:00:00,257,404.1982745422688,147.1982745422688
2012-12-27 18:00:00,197,306.5290350850587,109.5290350850587
2012-12-27 19:00:00,117,166.25142781445004,49.25142781445004
2012-12-27 20:00:00,91,90.56831814589627,0.4316818541037293
2012-12-27 21:00:00,63,78.97689944968383,15.976899449683827
2012-12-27 22:00:00,44,64.90754602650625,20.907546026506253
2012-12-27 23:00:00,26,54.78939173902265,28.789391739022648
2012-12-28 00:00:00,25,27.17189196811516,2.1718919681151583
2012-12-28 01:00:00,9,6.811802171060523,2.188197828939477
2012-12-28 02:00:00,5,0.0,5.0
2012-12-28 03:00:00,2,0.0,2.0
2012-12-28 04:00:00,4,0.0,4.0
2012-12-28 05:00:00,15,14.820802924857654,0.17919707514234595
2012-12-28 06:00:00,51,62.34443740602698,11.344437406026977
2012-12-28 07:00:00,112,120.3420903284227,8.3420903284227
2012-12-28 08:00:00,239,412.4430471345366,173.44304713453658
2012-12-28 09:00:00,191,155.54673614915527,35.453263850844735
2012-12-28 10:00:00,162,110.41885531870724,51.581144681292756
2012-12-28 11:00:00,178,159.1573629161043,18.84263708389571
2012-12-28 12:00:00,222,152.9166973987883,69.0833026012117
2012-12-28 13:00:00,222,153.4548397072362,68.5451602927638
2012-12-28 14:00:00,261,144.41485098322966,116.58514901677034
2012-12-28 15:00:00,225,228.85950392297835,3.859503922978348
2012-12-28 16:00:00,250,232.3542184320369,17.6457815679631
2012-12-28 17:00:00,271,403.0120922726841,132.01209227268407
2012-12-28 18:00:00,213,297.95757450508074,84.95757450508074
2012-12-28 19:00:00,128,188.08752654517792,60.08752654517792
2012-12-28 20:00:00,97,138.56094681651882,41.56094681651882
2012-12-28 21:00:00,92,99.93511105124132,7.935111051241321
2012-12-28 22:00:00,62,86.86910002432276,24.869100024322762
2012-12-28 23:00:00,59,77.61208326681536,18.61208326681536
2012-12-29 00:00:00,26,65.59138828792953,39.59138828792953
2012-12-29 01:00:00,37,52.57651498088049,15.57651498088049
2012-12-29 02:00:00,19,32.604338458175924,13.604338458175924
2012-12-29 03:00:00,6,8.807026631032413,2.8070266310324126
2012-12-29 04:00:00,3,0.0,3.0
2012-12-29 05:00:00,3,0.0,3.0
2012-12-29 06:00:00,7,5.490771702612003,1.5092282973879971
2012-12-29 07:00:00,18,40.553237650604636,22.553237650604636
2012-12-29 08:00:00,44,106.29625559166583,62.296255591665826
2012-12-29 09:00:00,49,124.35053061339582,75.35053061339582
2012-12-29 10:00:00,41,102.11928636411712,61.119286364117116
2012-12-29 11:00:00,45,94.75936431538072,49.75936431538072
2012-12-29 12:00:00,48,116.46223523352485,68.46223523352485
2012-12-29 13:00:00,84,116.18011654889871,32.18011654889871
2012-12-29 14:00:00,98,171.26676948659016,73.26676948659016
2012-12-29 15:00:00,129,182.2860882829878,53.286088282987805
2012-12-29 16:00:00,147,141.38052817595292,5.619471824047082
2012-12-29 17:00:00,118,88.90714796042016,29.09285203957984
2012-12-29 18:00:00,110,50.673432827819994,59.326567172180006
2012-12-29 19:00:00,97,33.23880121252653,63.76119878747347
2012-12-29 20:00:00,66,60.59717232351256,5.4028276764874406
2012-12-29 21:00:00,60,54.85935356364278,5.140646436357223
2012-12-29 22:00:00,54,46.449171086012704,7.550828913987296
2012-12-29 23:00:00,32,49.19210742284806,17.19210742284806
2012-12-30 00:00:00,41,48.356345417859394,7.356345417859394
2012-12-30 01:00:00,28,50.37698807990205,22.37698807990205
2012-12-30 02:00:00,19,26.52671510592347,7.5267151059234685
2012-12-30 03:00:00,15,9.344277170702716,5.655722829297284
2012-12-30 04:00:00,7,0.0,7.0
2012-12-30 05:00:00,2,0.0,2.0
2012-12-30 06:00:00,8,0.0,8.0
2012-12-30 07:00:00,13,4.346275706996933,8.653724293003066
2012-12-30 08:00:00,33,47.00836033523579,14.008360335235793
2012-12-30 09:00:00,74,59.0028315567538,14.997168443246203
2012-12-30 10:00:00,122,76.92379456358914,45.07620543641086
2012-12-30 11:00:00,136,139.710514732123,3.710514732122988
2012-12-30 12:00:00,144,178.06179390818141,34.061793908181414
2012-12-30 13:00:00,169,150.8898658857907,18.110134114209302
2012-12-30 14:00:00,160,158.62467457600255,1.3753254239974524
2012-12-30 15:00:00,138,153.23601572579935,15.236015725799348
2012-12-30 16:00:00,133,155.63600422905097,22.636004229050968
2012-12-30 17:00:00,123,52.008966784418334,70.99103321558167
2012-12-30 18:00:00,125,60.79791644500433,64.20208355499567
2012-12-30 19:00:00,102,52.53853080359133,49.46146919640867
2012-12-30 20:00:00,72,53.30063438190746,18.699365618092543
2012-12-30 21:00:00,47,33.9202435150289,13.0797564849711
2012-12-30 22:00:00,36,28.804352184083445,7.195647815916555
2012-12-30 23:00:00,49,12.875844300667037,36.12415569933296
2012-12-31 00:00:00,34,2.784465016963791,31.21553498303621
